N,1024,,Offset,183,
Vref,5,,,,
,,,,,
POS in MEM,VADC,Res Ther,Index,,
0,"0,894","2145,5",18,,200
1,"0,898","2159,8",18,,200
2,"0,903","2174,1",17,,192
3,"0,908","2188,5",17,,192
4,"0,913","2202,9",17,,191
5,"0,918","2217,3",17,,191
6,"0,923","2231,8",17,,191
7,"0,928","2246,3",17,,191
8,"0,933","2260,8",17,,191
9,"0,938","2275,4",17,,191
10,"0,942","2290,0",17,,191
11,"0,947","2304,6",17,,190
12,"0,952","2319,3",17,,190
13,"0,957","2334,0",17,,190
14,"0,962","2348,8",17,,190
15,"0,967","2363,5",17,,190
16,"0,972","2378,4",17,,190
17,"0,977","2393,2",17,,190
18,"0,981","2408,1",17,,189
19,"0,986","2423,0",17,,189
20,"0,991","2438,0",17,,189
21,"0,996","2453,0",17,,189
22,"1,001","2468,0",17,,189
23,"1,006","2483,1",17,,189
24,"1,011","2498,2",17,,188
25,"1,016","2513,3",17,,188
26,"1,021","2528,5",17,,188
27,"1,025","2543,7",17,,188
28,"1,030","2559,0",17,,188
29,"1,035","2574,3",17,,188
30,"1,040","2589,6",17,,188
31,"1,045","2605,0",17,,187
32,"1,050","2620,4",17,,187
33,"1,055","2635,8",17,,187
34,"1,060","2651,3",17,,187
35,"1,064","2666,8",17,,187
36,"1,069","2682,4",17,,187
37,"1,074","2698,0",17,,186
38,"1,079","2713,6",17,,186
39,"1,084","2729,3",17,,186
40,"1,089","2745,0",17,,186
41,"1,094","2760,8",17,,186
42,"1,099","2776,6",17,,186
43,"1,104","2792,4",17,,185
44,"1,108","2808,3",17,,185
45,"1,113","2824,2",17,,185
46,"1,118","2840,2",17,,185
47,"1,123","2856,2",17,,185
48,"1,128","2872,2",17,,185
49,"1,133","2888,3",17,,184
50,"1,138","2904,4",17,,184
51,"1,143","2920,6",17,,184
52,"1,147","2936,8",17,,184
53,"1,152","2953,0",17,,184
54,"1,157","2969,3",17,,184
55,"1,162","2985,6",17,,183
56,"1,167","3002,0",17,,183
57,"1,172","3018,4",17,,183
58,"1,177","3034,8",17,,183
59,"1,182","3051,3",17,,183
60,"1,187","3067,8",17,,183
61,"1,191","3084,4",17,,182
62,"1,196","3101,0",17,,182
63,"1,201","3117,7",17,,182
64,"1,206","3134,4",17,,182
65,"1,211","3151,1",17,,182
66,"1,216","3167,9",17,,182
67,"1,221","3184,8",17,,181
68,"1,226","3201,6",17,,181
69,"1,230","3218,5",17,,181
70,"1,235","3235,5",17,,181
71,"1,240","3252,5",17,,181
72,"1,245","3269,6",17,,181
73,"1,250","3286,7",17,,180
74,"1,255","3303,8",17,,180
75,"1,260","3321,0",17,,180
76,"1,265","3338,2",16,,173
77,"1,270","3355,5",16,,173
78,"1,274","3372,8",16,,173
79,"1,279","3390,2",16,,173
80,"1,284","3407,6",16,,173
81,"1,289","3425,1",16,,173
82,"1,294","3442,6",16,,173
83,"1,299","3460,1",16,,172
84,"1,304","3477,7",16,,172
85,"1,309","3495,3",16,,172
86,"1,313","3513,0",16,,172
87,"1,318","3530,8",16,,172
88,"1,323","3548,6",16,,172
89,"1,328","3566,4",16,,172
90,"1,333","3584,3",16,,172
91,"1,338","3602,2",16,,171
92,"1,343","3620,2",16,,171
93,"1,348","3638,2",16,,171
94,"1,353","3656,3",16,,171
95,"1,357","3674,4",16,,171
96,"1,362","3692,5",16,,171
97,"1,367","3710,8",16,,171
98,"1,372","3729,0",16,,171
99,"1,377","3747,3",16,,170
100,"1,382","3765,7",16,,170
101,"1,387","3784,1",16,,170
102,"1,392","3802,6",16,,170
103,"1,396","3821,1",16,,170
104,"1,401","3839,6",16,,170
105,"1,406","3858,3",16,,170
106,"1,411","3876,9",16,,170
107,"1,416","3895,6",16,,169
108,"1,421","3914,4",16,,169
109,"1,426","3933,2",16,,169
110,"1,431","3952,1",16,,169
111,"1,436","3971,0",16,,169
112,"1,440","3990,0",16,,169
113,"1,445","4009,0",16,,169
114,"1,450","4028,1",16,,169
115,"1,455","4047,2",16,,168
116,"1,460","4066,4",16,,168
117,"1,465","4085,6",16,,168
118,"1,470","4104,9",16,,168
119,"1,475","4124,3",16,,168
120,"1,479","4143,7",16,,168
121,"1,484","4163,1",16,,168
122,"1,489","4182,6",16,,168
123,"1,494","4202,2",16,,167
124,"1,499","4221,8",16,,167
125,"1,504","4241,5",16,,167
126,"1,509","4261,2",16,,167
127,"1,514","4281,0",16,,167
128,"1,519","4300,8",16,,167
129,"1,523","4320,7",16,,167
130,"1,528","4340,6",16,,166
131,"1,533","4360,6",16,,166
132,"1,538","4380,7",16,,166
133,"1,543","4400,8",16,,166
134,"1,548","4421,0",16,,166
135,"1,553","4441,2",16,,166
136,"1,558","4461,5",16,,166
137,"1,563","4481,8",16,,165
138,"1,567","4502,2",16,,165
139,"1,572","4522,7",16,,165
140,"1,577","4543,2",16,,165
141,"1,582","4563,8",16,,165
142,"1,587","4584,4",16,,165
143,"1,592","4605,1",16,,165
144,"1,597","4625,9",16,,165
145,"1,602","4646,7",16,,164
146,"1,606","4667,5",16,,164
147,"1,611","4688,5",16,,164
148,"1,616","4709,5",16,,164
149,"1,621","4730,5",16,,164
150,"1,626","4751,6",16,,164
151,"1,631","4772,8",16,,164
152,"1,636","4794,0",16,,163
153,"1,641","4815,3",16,,163
154,"1,646","4836,7",16,,163
155,"1,650","4858,1",16,,163
156,"1,655","4879,6",16,,163
157,"1,660","4901,2",16,,163
158,"1,665","4922,8",16,,163
159,"1,670","4944,5",16,,162
160,"1,675","4966,2",16,,162
161,"1,680","4988,0",16,,162
162,"1,685","5009,9",16,,162
163,"1,689","5031,8",16,,162
164,"1,694","5053,8",16,,162
165,"1,699","5075,9",16,,161
166,"1,704","5098,0",16,,161
167,"1,709","5120,2",16,,161
168,"1,714","5142,4",16,,161
169,"1,719","5164,8",16,,161
170,"1,724","5187,2",16,,161
171,"1,729","5209,6",16,,161
172,"1,733","5232,1",16,,160
173,"1,738","5254,7",16,,160
174,"1,743","5277,4",16,,160
175,"1,748","5300,1",15,,157
176,"1,753","5322,9",15,,157
177,"1,758","5345,8",15,,157
178,"1,763","5368,7",15,,157
179,"1,768","5391,7",15,,157
180,"1,772","5414,8",15,,157
181,"1,777","5437,9",15,,157
182,"1,782","5461,2",15,,157
183,"1,787","5484,4",15,,156
184,"1,792","5507,8",15,,156
185,"1,797","5531,2",15,,156
186,"1,802","5554,7",15,,156
187,"1,807","5578,3",15,,156
188,"1,812","5601,9",15,,156
189,"1,816","5625,6",15,,156
190,"1,821","5649,4",15,,156
191,"1,826","5673,3",15,,156
192,"1,831","5697,2",15,,155
193,"1,836","5721,2",15,,155
194,"1,841","5745,3",15,,155
195,"1,846","5769,5",15,,155
196,"1,851","5793,7",15,,155
197,"1,855","5818,0",15,,155
198,"1,860","5842,4",15,,155
199,"1,865","5866,9",15,,155
200,"1,870","5891,4",15,,154
201,"1,875","5916,0",15,,154
202,"1,880","5940,7",15,,154
203,"1,885","5965,5",15,,154
204,"1,890","5990,3",15,,154
205,"1,895","6015,2",15,,154
206,"1,899","6040,2",15,,154
207,"1,904","6065,3",15,,154
208,"1,909","6090,5",15,,153
209,"1,914","6115,7",15,,153
210,"1,919","6141,0",15,,153
211,"1,924","6166,4",15,,153
212,"1,929","6191,9",15,,153
213,"1,934","6217,5",15,,153
214,"1,938","6243,1",15,,153
215,"1,943","6268,8",15,,153
216,"1,948","6294,6",15,,152
217,"1,953","6320,5",15,,152
218,"1,958","6346,5",15,,152
219,"1,963","6372,5",15,,152
220,"1,968","6398,7",15,,152
221,"1,973","6424,9",15,,152
222,"1,978","6451,2",15,,152
223,"1,982","6477,6",15,,151
224,"1,987","6504,1",15,,151
225,"1,992","6530,6",15,,151
226,"1,997","6557,3",15,,151
227,"2,002","6584,0",15,,151
228,"2,007","6610,9",15,,151
229,"2,012","6637,8",15,,151
230,"2,017","6664,8",15,,151
231,"2,021","6691,9",15,,150
232,"2,026","6719,0",15,,150
233,"2,031","6746,3",15,,150
234,"2,036","6773,7",15,,150
235,"2,041","6801,1",14,,147
236,"2,046","6828,7",14,,147
237,"2,051","6856,3",14,,147
238,"2,056","6884,0",14,,147
239,"2,061","6911,8",14,,147
240,"2,065","6939,7",14,,147
241,"2,070","6967,7",14,,147
242,"2,075","6995,8",14,,147
243,"2,080","7024,0",14,,146
244,"2,085","7052,3",14,,146
245,"2,090","7080,7",14,,146
246,"2,095","7109,1",14,,146
247,"2,100","7137,7",14,,146
248,"2,104","7166,4",14,,146
249,"2,109","7195,1",14,,146
250,"2,114","7224,0",14,,146
251,"2,119","7252,9",14,,146
252,"2,124","7282,0",14,,145
253,"2,129","7311,2",14,,145
254,"2,134","7340,4",14,,145
255,"2,139","7369,8",14,,145
256,"2,144","7399,2",14,,145
257,"2,148","7428,8",14,,145
258,"2,153","7458,4",14,,145
259,"2,158","7488,2",14,,145
260,"2,163","7518,0",14,,145
261,"2,168","7548,0",14,,145
262,"2,173","7578,1",14,,144
263,"2,178","7608,2",14,,144
264,"2,183","7638,5",14,,144
265,"2,188","7668,9",14,,144
266,"2,192","7699,4",14,,144
267,"2,197","7730,0",14,,144
268,"2,202","7760,7",14,,144
269,"2,207","7791,5",14,,144
270,"2,212","7822,4",14,,143
271,"2,217","7853,4",14,,143
272,"2,222","7884,5",14,,143
273,"2,227","7915,8",14,,143
274,"2,231","7947,1",14,,143
275,"2,236","7978,6",14,,143
276,"2,241","8010,2",14,,143
277,"2,246","8041,8",14,,143
278,"2,251","8073,6",14,,143
279,"2,256","8105,6",14,,142
280,"2,261","8137,6",14,,142
281,"2,266","8169,7",14,,142
282,"2,271","8202,0",14,,142
283,"2,275","8234,3",14,,142
284,"2,280","8266,8",14,,142
285,"2,285","8299,4",14,,142
286,"2,290","8332,1",14,,142
287,"2,295","8365,0",14,,141
288,"2,300","8397,9",14,,141
289,"2,305","8431,0",14,,141
290,"2,310","8464,2",14,,141
291,"2,314","8497,5",14,,141
292,"2,319","8531,0",14,,141
293,"2,324","8564,5",14,,141
294,"2,329","8598,2",14,,141
295,"2,334","8632,0",14,,141
296,"2,339","8665,9",14,,140
297,"2,344","8700,0",14,,140
298,"2,349","8734,2",14,,140
299,"2,354","8768,5",14,,140
300,"2,358","8802,9",13,,138
301,"2,363","8837,5",13,,138
302,"2,368","8872,2",13,,138
303,"2,373","8907,0",13,,138
304,"2,378","8941,9",13,,137
305,"2,383","8977,0",13,,137
306,"2,388","9012,2",13,,137
307,"2,393","9047,6",13,,137
308,"2,397","9083,0",13,,137
309,"2,402","9118,6",13,,137
310,"2,407","9154,4",13,,137
311,"2,412","9190,3",13,,137
312,"2,417","9226,3",13,,137
313,"2,422","9262,4",13,,136
314,"2,427","9298,7",13,,136
315,"2,432","9335,1",13,,136
316,"2,437","9371,7",13,,136
317,"2,441","9408,4",13,,136
318,"2,446","9445,2",13,,136
319,"2,451","9482,2",13,,136
320,"2,456","9519,3",13,,136
321,"2,461","9556,6",13,,136
322,"2,466","9594,0",13,,136
323,"2,471","9631,6",13,,135
324,"2,476","9669,3",13,,135
325,"2,480","9707,1",13,,135
326,"2,485","9745,1",13,,135
327,"2,490","9783,3",13,,135
328,"2,495","9821,6",13,,135
329,"2,500","9860,0",13,,135
330,"2,505","9898,6",13,,135
331,"2,510","9937,3",13,,135
332,"2,515","9976,2",13,,134
333,"2,520","10015,3",13,,134
334,"2,524","10054,5",13,,134
335,"2,529","10093,8",13,,134
336,"2,534","10133,3",13,,134
337,"2,539","10173,0",13,,134
338,"2,544","10212,8",13,,134
339,"2,549","10252,8",13,,134
340,"2,554","10293,0",13,,133
341,"2,559","10333,3",13,,133
342,"2,563","10373,7",13,,133
343,"2,568","10414,4",13,,133
344,"2,573","10455,2",13,,133
345,"2,578","10496,1",13,,133
346,"2,583","10537,3",13,,133
347,"2,588","10578,5",13,,133
348,"2,593","10620,0",13,,133
349,"2,598","10661,6",13,,132
350,"2,603","10703,4",13,,132
351,"2,607","10745,4",13,,132
352,"2,612","10787,5",13,,132
353,"2,617","10829,8",13,,132
354,"2,622","10872,3",13,,132
355,"2,627","10915,0",13,,132
356,"2,632","10957,8",13,,132
357,"2,637","11000,8",13,,131
358,"2,642","11044,0",13,,131
359,"2,646","11087,4",13,,131
360,"2,651","11130,9",13,,131
361,"2,656","11174,7",13,,131
362,"2,661","11218,6",13,,131
363,"2,666","11262,7",13,,131
364,"2,671","11307,0",13,,131
365,"2,676","11351,4",13,,130
366,"2,681","11396,1",13,,130
367,"2,686","11440,9",13,,130
368,"2,690","11486,0",12,,129
369,"2,695","11531,2",12,,129
370,"2,700","11576,6",12,,129
371,"2,705","11622,2",12,,129
372,"2,710","11668,0",12,,129
373,"2,715","11714,0",12,,129
374,"2,720","11760,2",12,,129
375,"2,725","11806,6",12,,128
376,"2,729","11853,2",12,,128
377,"2,734","11900,0",12,,128
378,"2,739","11947,0",12,,128
379,"2,744","11994,2",12,,128
380,"2,749","12041,6",12,,128
381,"2,754","12089,2",12,,128
382,"2,759","12137,0",12,,128
383,"2,764","12185,1",12,,128
384,"2,769","12233,3",12,,127
385,"2,773","12281,8",12,,127
386,"2,778","12330,4",12,,127
387,"2,783","12379,3",12,,127
388,"2,788","12428,4",12,,127
389,"2,793","12477,7",12,,127
390,"2,798","12527,2",12,,127
391,"2,803","12577,0",12,,127
392,"2,808","12626,9",12,,126
393,"2,813","12677,1",12,,126
394,"2,817","12727,6",12,,126
395,"2,822","12778,2",12,,126
396,"2,827","12829,1",12,,126
397,"2,832","12880,2",12,,126
398,"2,837","12931,5",12,,126
399,"2,842","12983,1",12,,126
400,"2,847","13034,9",12,,125
401,"2,852","13086,9",12,,125
402,"2,856","13139,2",12,,125
403,"2,861","13191,7",12,,125
404,"2,866","13244,4",11,,124
405,"2,871","13297,4",11,,124
406,"2,876","13350,7",11,,124
407,"2,881","13404,1",11,,123
408,"2,886","13457,9",11,,123
409,"2,891","13511,9",11,,123
410,"2,896","13566,1",11,,123
411,"2,900","13620,6",11,,123
412,"2,905","13675,3",11,,123
413,"2,910","13730,3",11,,123
414,"2,915","13785,5",11,,123
415,"2,920","13841,0",11,,123
416,"2,925","13896,8",11,,123
417,"2,930","13952,8",11,,122
418,"2,935","14009,1",11,,122
419,"2,939","14065,7",11,,122
420,"2,944","14122,5",11,,122
421,"2,949","14179,6",11,,122
422,"2,954","14237,0",11,,122
423,"2,959","14294,6",11,,122
424,"2,964","14352,6",11,,122
425,"2,969","14410,8",11,,122
426,"2,974","14469,3",11,,121
427,"2,979","14528,0",11,,121
428,"2,983","14587,1",11,,121
429,"2,988","14646,4",11,,121
430,"2,993","14706,0",11,,121
431,"2,998","14766,0",11,,121
432,"3,003","14826,2",11,,121
433,"3,008","14886,7",11,,121
434,"3,013","14947,5",11,,121
435,"3,018","15008,6",11,,120
436,"3,022","15070,0",11,,120
437,"3,027","15131,7",11,,120
438,"3,032","15193,7",11,,120
439,"3,037","15256,0",10,,117
440,"3,042","15318,7",10,,117
441,"3,047","15381,6",10,,117
442,"3,052","15444,9",10,,117
443,"3,057","15508,4",10,,117
444,"3,062","15572,3",10,,117
445,"3,066","15636,6",10,,117
446,"3,071","15701,1",10,,116
447,"3,076","15766,0",10,,116
448,"3,081","15831,2",10,,116
449,"3,086","15896,7",10,,116
450,"3,091","15962,6",10,,116
451,"3,096","16028,8",10,,116
452,"3,101","16095,4",10,,116
453,"3,105","16162,3",10,,116
454,"3,110","16229,5",10,,116
455,"3,115","16297,1",10,,116
456,"3,120","16365,0",10,,116
457,"3,125","16433,3",10,,115
458,"3,130","16502,0",10,,115
459,"3,135","16571,0",10,,115
460,"3,140","16640,4",10,,115
461,"3,145","16710,1",10,,115
462,"3,149","16780,2",10,,115
463,"3,154","16850,7",10,,115
464,"3,159","16921,5",10,,115
465,"3,164","16992,8",10,,115
466,"3,169","17064,4",10,,115
467,"3,174","17136,4",10,,114
468,"3,179","17208,7",10,,114
469,"3,184","17281,5",10,,114
470,"3,188","17354,7",10,,114
471,"3,193","17428,2",10,,114
472,"3,198","17502,2",10,,114
473,"3,203","17576,5",10,,114
474,"3,208","17651,3",10,,114
475,"3,213","17726,4",10,,114
476,"3,218","17802,0",10,,114
477,"3,223","17878,0",10,,113
478,"3,228","17954,4",10,,113
479,"3,232","18031,3",10,,113
480,"3,237","18108,5",10,,113
481,"3,242","18186,2",10,,113
482,"3,247","18264,3",10,,113
483,"3,252","18342,9",10,,113
484,"3,257","18421,9",10,,113
485,"3,262","18501,3",10,,113
486,"3,267","18581,2",10,,113
487,"3,271","18661,6",10,,112
488,"3,276","18742,4",10,,112
489,"3,281","18823,6",10,,112
490,"3,286","18905,4",10,,112
491,"3,291","18987,5",10,,112
492,"3,296","19070,2",10,,112
493,"3,301","19153,3",10,,112
494,"3,306","19236,9",10,,112
495,"3,311","19321,0",10,,112
496,"3,315","19405,6",10,,111
497,"3,320","19490,7",10,,111
498,"3,325","19576,3",10,,111
499,"3,330","19662,3",10,,111
500,"3,335","19748,9",10,,111
501,"3,340","19836,0",10,,111
502,"3,345","19923,6",10,,111
503,"3,350","20011,7",10,,111
504,"3,354","20100,4",10,,110
505,"3,359","20189,5",10,,110
506,"3,364","20279,2",10,,110
507,"3,369","20369,5",10,,110
508,"3,374","20460,2",9,,107
509,"3,379","20551,6",9,,107
510,"3,384","20643,4",9,,107
511,"3,389","20735,9",9,,107
512,"3,394","20828,9",9,,107
513,"3,398","20922,4",9,,106
514,"3,403","21016,6",9,,106
515,"3,408","21111,3",9,,106
516,"3,413","21206,6",9,,106
517,"3,418","21302,5",9,,106
518,"3,423","21398,9",9,,106
519,"3,428","21496,0",9,,106
520,"3,433","21593,7",9,,106
521,"3,438","21692,0",9,,106
522,"3,442","21790,9",9,,106
523,"3,447","21890,4",9,,106
524,"3,452","21990,6",9,,105
525,"3,457","22091,4",9,,105
526,"3,462","22192,8",9,,105
527,"3,467","22294,9",9,,105
528,"3,472","22397,6",9,,105
529,"3,477","22501,0",9,,105
530,"3,481","22605,1",9,,105
531,"3,486","22709,8",9,,105
532,"3,491","22815,2",9,,105
533,"3,496","22921,3",9,,105
534,"3,501","23028,1",9,,105
535,"3,506","23135,6",9,,104
536,"3,511","23243,7",9,,104
537,"3,516","23352,6",9,,104
538,"3,521","23462,2",9,,104
539,"3,525","23572,6",9,,104
540,"3,530","23683,7",9,,104
541,"3,535","23795,5",9,,104
542,"3,540","23908,0",9,,104
543,"3,545","24021,3",9,,104
544,"3,550","24135,4",9,,103
545,"3,555","24250,3",9,,103
546,"3,560","24365,9",9,,103
547,"3,564","24482,3",9,,103
548,"3,569","24599,5",9,,103
549,"3,574","24717,5",9,,103
550,"3,579","24836,4",9,,103
551,"3,584","24956,0",9,,103
552,"3,589","25076,5",9,,103
553,"3,594","25197,8",9,,102
554,"3,599","25319,9",9,,102
555,"3,604","25442,9",9,,102
556,"3,608","25566,8",9,,102
557,"3,613","25691,5",9,,102
558,"3,618","25817,2",9,,102
559,"3,623","25943,7",9,,102
560,"3,628","26071,1",9,,102
561,"3,633","26199,4",9,,102
562,"3,638","26328,7",9,,101
563,"3,643","26458,8",9,,101
564,"3,647","26590,0",9,,101
565,"3,652","26722,0",9,,101
566,"3,657","26855,1",9,,101
567,"3,662","26989,1",9,,101
568,"3,667","27124,0",9,,101
569,"3,672","27260,0",9,,101
570,"3,677","27397,0",9,,100
571,"3,682","27535,0",9,,100
572,"3,687","27674,0",9,,100
573,"3,691","27814,0",9,,100
574,"3,696","27955,1",8,,97
575,"3,701","28097,3",8,,97
576,"3,706","28240,5",8,,97
577,"3,711","28384,8",8,,96
578,"3,716","28530,3",8,,96
579,"3,721","28676,8",8,,96
580,"3,726","28824,4",8,,96
581,"3,730","28973,2",8,,96
582,"3,735","29123,2",8,,96
583,"3,740","29274,3",8,,96
584,"3,745","29426,5",8,,96
585,"3,750","29580,0",8,,96
586,"3,755","29734,7",8,,96
587,"3,760","29890,6",8,,96
588,"3,765","30047,7",8,,95
589,"3,770","30206,0",8,,95
590,"3,774","30365,7",8,,95
591,"3,779","30526,6",8,,95
592,"3,784","30688,8",8,,95
593,"3,789","30852,3",8,,95
594,"3,794","31017,1",8,,95
595,"3,799","31183,3",8,,95
596,"3,804","31350,8",8,,95
597,"3,809","31519,7",8,,94
598,"3,813","31690,0",8,,94
599,"3,818","31861,7",8,,94
600,"3,823","32034,8",8,,94
601,"3,828","32209,3",8,,94
602,"3,833","32385,4",8,,94
603,"3,838","32562,9",8,,94
604,"3,843","32741,9",8,,94
605,"3,848","32922,4",8,,94
606,"3,853","33104,4",8,,93
607,"3,857","33288,0",8,,93
608,"3,862","33473,2",8,,93
609,"3,867","33660,0",8,,93
610,"3,872","33848,4",8,,93
611,"3,877","34038,4",8,,93
612,"3,882","34230,1",8,,93
613,"3,887","34423,5",8,,93
614,"3,892","34618,6",8,,93
615,"3,896","34815,4",8,,92
616,"3,901","35014,0",8,,92
617,"3,906","35214,3",8,,92
618,"3,911","35416,4",8,,92
619,"3,916","35620,4",8,,92
620,"3,921","35826,2",8,,92
621,"3,926","36033,8",8,,92
622,"3,931","36243,4",8,,91
623,"3,936","36454,9",8,,91
624,"3,940","36668,3",8,,91
625,"3,945","36883,7",8,,91
626,"3,950","37101,1",8,,91
627,"3,955","37320,6",8,,91
628,"3,960","37542,1",8,,91
629,"3,965","37765,7",8,,90
630,"3,970","37991,4",8,,90
631,"3,975","38219,2",8,,90
632,"3,979","38449,3",8,,90
633,"3,984","38681,5",7,,87
634,"3,989","38916,0",7,,87
635,"3,994","39152,8",7,,86
636,"3,999","39391,9",7,,86
637,"4,004","39633,3",7,,86
638,"4,009","39877,1",7,,86
639,"4,014","40123,4",7,,86
640,"4,019","40372,0",7,,86
641,"4,023","40623,2",7,,86
642,"4,028","40876,9",7,,86
643,"4,033","41133,1",7,,86
644,"4,038","41392,0",7,,85
645,"4,043","41653,5",7,,85
646,"4,048","41917,6",7,,85
647,"4,053","42184,5",7,,85
648,"4,058","42454,2",7,,85
649,"4,063","42726,7",7,,85
650,"4,067","43002,0",7,,85
651,"4,072","43280,2",7,,85
652,"4,077","43561,4",7,,85
653,"4,082","43845,5",7,,84
654,"4,087","44132,7",7,,84
655,"4,092","44423,0",7,,84
656,"4,097","44716,4",7,,84
657,"4,102","45013,0",7,,84
658,"4,106","45312,9",7,,84
659,"4,111","45616,0",7,,84
660,"4,116","45922,5",7,,84
661,"4,121","46232,4",7,,83
662,"4,126","46545,8",7,,83
663,"4,131","46862,7",7,,83
664,"4,136","47183,2",7,,83
665,"4,141","47507,3",7,,83
666,"4,146","47835,1",7,,83
667,"4,150","48166,7",7,,83
668,"4,155","48502,1",7,,82
669,"4,160","48841,4",7,,82
670,"4,165","49184,7",7,,82
671,"4,170","49532,0",7,,82
672,"4,175","49883,4",7,,82
673,"4,180","50239,0",7,,82
674,"4,185","50598,9",7,,82
675,"4,189","50963,1",7,,81
676,"4,194","51331,8",7,,81
677,"4,199","51704,9",7,,81
678,"4,204","52082,6",7,,81
679,"4,209","52464,9",7,,81
680,"4,214","52852,0",7,,81
681,"4,219","53244,0",7,,80
682,"4,224","53640,9",7,,80
683,"4,229","54042,8",7,,80
684,"4,233","54449,8",6,,77
685,"4,238","54862,1",6,,76
686,"4,243","55279,6",6,,76
687,"4,248","55702,6",6,,76
688,"4,253","56131,1",6,,76
689,"4,258","56565,3",6,,76
690,"4,263","57005,2",6,,76
691,"4,268","57450,9",6,,76
692,"4,272","57902,7",6,,76
693,"4,277","58360,5",6,,75
694,"4,282","58824,6",6,,75
695,"4,287","59295,1",6,,75
696,"4,292","59772,0",6,,75
697,"4,297","60255,6",6,,75
698,"4,302","60745,9",6,,75
699,"4,307","61243,1",6,,75
700,"4,312","61747,4",6,,74
701,"4,316","62258,9",6,,74
702,"4,321","62777,7",6,,74
703,"4,326","63304,1",6,,74
704,"4,331","63838,1",6,,74
705,"4,336","64380,0",6,,74
706,"4,341","64929,9",6,,74
707,"4,346","65488,1",6,,73
708,"4,351","66054,6",6,,73
709,"4,355","66629,7",6,,73
710,"4,360","67213,6",6,,73
711,"4,365","67806,5",6,,73
712,"4,370","68408,5",6,,73
713,"4,375","69020,0",6,,72
714,"4,380","69641,1",6,,72
715,"4,385","70272,1",6,,72
716,"4,390","70913,1",6,,72
717,"4,395","71564,5",6,,72
718,"4,399","72226,5",6,,71
719,"4,404","72899,3",6,,71
720,"4,409","73583,3",6,,71
721,"4,414","74278,7",6,,71
722,"4,419","74985,7",6,,71
723,"4,424","75704,7",6,,71
724,"4,429","76436,1",6,,70
725,"4,434","77180,0",6,,70
726,"4,438","77936,9",5,,66
727,"4,443","78707,0",5,,66
728,"4,448","79490,8",5,,66
729,"4,453","80288,6",5,,66
730,"4,458","81100,7",5,,66
731,"4,463","81927,6",5,,66
732,"4,468","82769,7",5,,65
733,"4,473","83627,4",5,,65
734,"4,478","84501,1",5,,65
735,"4,482","85391,3",5,,65
736,"4,487","86298,5",5,,65
737,"4,492","87223,1",5,,65
738,"4,497","88165,6",5,,65
739,"4,502","89126,7",5,,64
740,"4,507","90106,7",5,,64
741,"4,512","91106,4",5,,64
742,"4,517","92126,3",5,,64
743,"4,521","93166,9",5,,64
744,"4,526","94229,1",5,,63
745,"4,531","95313,3",5,,63
746,"4,536","96420,4",5,,63
747,"4,541","97551,1",5,,63
748,"4,546","98706,0",5,,63
749,"4,551","99886,1",5,,62
750,"4,556","101092,1",5,,62
751,"4,561","102324,9",5,,62
752,"4,565","103585,4",5,,62
753,"4,570","104874,5",5,,61
754,"4,575","106193,3",5,,61
755,"4,580","107542,8",5,,61
756,"4,585","108924,0",5,,61
757,"4,590","110338,1",5,,60
758,"4,595","111786,3",5,,60
759,"4,600","113269,8",4,,56
760,"4,604","114789,9",4,,56
761,"4,609","116348,0",4,,56
762,"4,614","117945,6",4,,56
763,"4,619","119584,1",4,,56
764,"4,624","121265,2",4,,55
765,"4,629","122990,5",4,,55
766,"4,634","124761,9",4,,55
767,"4,639","126581,1",4,,55
768,"4,644","128450,1",4,,55
769,"4,648","130371,1",4,,54
770,"4,653","132346,2",4,,54
771,"4,658","134377,7",4,,54
772,"4,663","136468,1",4,,54
773,"4,668","138620,0",4,,53
774,"4,673","140836,1",4,,53
775,"4,678","143119,4",4,,53
776,"4,683","145472,9",4,,53
777,"4,688","147900,0",4,,52
778,"4,692","150404,1",4,,52
779,"4,697","152989,0",4,,52
780,"4,702","155658,7",4,,51
781,"4,707","158417,3",4,,51
782,"4,712","161269,5",4,,51
783,"4,717","164220,0",4,,50
784,"4,722","167274,0",4,,50
785,"4,727","170437,1",3,,46
786,"4,731","173715,3",3,,46
787,"4,736","177114,8",3,,46
788,"4,741","180642,6",3,,45
789,"4,746","184306,2",3,,45
790,"4,751","188113,3",3,,45
791,"4,756","192072,8",3,,44
792,"4,761","196193,9",3,,44
793,"4,766","200486,7",3,,44
794,"4,771","204962,1",3,,44
795,"4,775","209632,2",3,,43
796,"4,780","214509,8",3,,43
797,"4,785","219609,1",3,,43
798,"4,790","224945,6",3,,42
799,"4,795","230536,2",3,,42
800,"4,800","236399,5",3,,41
801,"4,805","242556,0",3,,41
802,"4,810","249028,2",3,,40
803,"4,814","255841,1",2,,37
804,"4,819","263022,2",2,,37
805,"4,824","270602,2",2,,36
806,"4,829","278615,4",2,,36
807,"4,834","287100,0",2,,35
808,"4,839","296098,8",2,,35
809,"4,844","305660,0",2,,34
810,"4,849","315838,1",2,,34
811,"4,854","326694,7",2,,33
812,"4,858","338300,0",2,,33
813,"4,863","350734,3",2,,32
814,"4,868","364089,6",2,,32
815,"4,873","378472,3",2,,31
816,"4,878","394005,6",2,,30
817,"4,883","410833,3",1,,27
818,"4,888","429124,3",1,,26
819,"4,893","449078,2",1,,26
820,"4,897","470932,4",1,,26
821,"4,902","494972,0",1,,25
