N (ADC),1024,,Offset in EE,183,
Vref,5,,,,
,,,,,
Position in Memory,VADC,Resistance Thermistor,Lookup index,Value in Memory (dec),Value in Memory (hex)
,,,,,
0,0.894,2176.0,17,192,0xBF
1,0.898,2190.5,17,192,0xBF
2,0.903,2205.0,17,191,0xBF
3,0.908,2219.6,17,191,0xBF
4,0.913,2234.2,17,191,0xBF
5,0.918,2248.8,17,191,0xBE
6,0.923,2263.5,17,191,0xBE
7,0.928,2278.2,17,191,0xBE
8,0.933,2292.9,17,191,0xBE
9,0.938,2307.7,17,190,0xBE
10,0.942,2322.5,17,190,0xBE
11,0.947,2337.3,17,190,0xBE
12,0.952,2352.2,17,190,0xBD
13,0.957,2367.1,17,190,0xBD
14,0.962,2382.1,17,190,0xBD
15,0.967,2397.1,17,189,0xBD
16,0.972,2412.1,17,189,0xBD
17,0.977,2427.2,17,189,0xBD
18,0.981,2442.3,17,189,0xBD
19,0.986,2457.4,17,189,0xBC
20,0.991,2472.6,17,189,0xBC
21,0.996,2487.8,17,189,0xBC
22,1.001,2503.1,17,188,0xBC
23,1.006,2518.3,17,188,0xBC
24,1.011,2533.7,17,188,0xBC
25,1.016,2549.0,17,188,0xBB
26,1.021,2564.4,17,188,0xBB
27,1.025,2579.9,17,188,0xBB
28,1.030,2595.3,17,187,0xBB
29,1.035,2610.8,17,187,0xBB
30,1.040,2626.4,17,187,0xBB
31,1.045,2642.0,17,187,0xBA
32,1.050,2657.6,17,187,0xBA
33,1.055,2673.3,17,187,0xBA
34,1.060,2689.0,17,187,0xBA
35,1.064,2704.7,17,186,0xBA
36,1.069,2720.5,17,186,0xBA
37,1.074,2736.3,17,186,0xBA
38,1.079,2752.2,17,186,0xB9
39,1.084,2768.1,17,186,0xB9
40,1.089,2784.0,17,186,0xB9
41,1.094,2800.0,17,185,0xB9
42,1.099,2816.0,17,185,0xB9
43,1.104,2832.1,17,185,0xB9
44,1.108,2848.2,17,185,0xB8
45,1.113,2864.3,17,185,0xB8
46,1.118,2880.5,17,185,0xB8
47,1.123,2896.7,17,184,0xB8
48,1.128,2913.0,17,184,0xB8
49,1.133,2929.3,17,184,0xB8
50,1.138,2945.6,17,184,0xB7
51,1.143,2962.0,17,184,0xB7
52,1.147,2978.5,17,184,0xB7
53,1.152,2994.9,17,183,0xB7
54,1.157,3011.4,17,183,0xB7
55,1.162,3028.0,17,183,0xB7
56,1.167,3044.6,17,183,0xB6
57,1.172,3061.2,17,183,0xB6
58,1.177,3077.9,17,183,0xB6
59,1.182,3094.6,17,182,0xB6
60,1.187,3111.4,17,182,0xB6
61,1.191,3128.2,17,182,0xB6
62,1.196,3145.1,17,182,0xB5
63,1.201,3162.0,17,182,0xB5
64,1.206,3178.9,17,182,0xB5
65,1.211,3195.9,17,181,0xB5
66,1.216,3212.9,17,181,0xB5
67,1.221,3230.0,17,181,0xB5
68,1.226,3247.1,17,181,0xB4
69,1.230,3264.2,17,181,0xB4
70,1.235,3281.5,17,180,0xB4
71,1.240,3298.7,17,180,0xB4
72,1.245,3316.0,17,180,0xB4
73,1.250,3333.3,16,173,0xAD
74,1.255,3350.7,16,173,0xAD
75,1.260,3368.1,16,173,0xAD
76,1.265,3385.6,16,173,0xAC
77,1.270,3403.1,16,173,0xAC
78,1.274,3420.7,16,173,0xAC
79,1.279,3438.3,16,173,0xAC
80,1.284,3456.0,16,172,0xAC
81,1.289,3473.7,16,172,0xAC
82,1.294,3491.4,16,172,0xAC
83,1.299,3509.2,16,172,0xAC
84,1.304,3527.1,16,172,0xAB
85,1.309,3545.0,16,172,0xAB
86,1.313,3562.9,16,172,0xAB
87,1.318,3580.9,16,172,0xAB
88,1.323,3598.9,16,171,0xAB
89,1.328,3617.0,16,171,0xAB
90,1.333,3635.2,16,171,0xAB
91,1.338,3653.3,16,171,0xAB
92,1.343,3671.6,16,171,0xAA
93,1.348,3689.8,16,171,0xAA
94,1.353,3708.2,16,171,0xAA
95,1.357,3726.5,16,171,0xAA
96,1.362,3745.0,16,170,0xAA
97,1.367,3763.4,16,170,0xAA
98,1.372,3782.0,16,170,0xAA
99,1.377,3800.5,16,170,0xAA
100,1.382,3819.2,16,170,0xA9
101,1.387,3837.8,16,170,0xA9
102,1.392,3856.6,16,170,0xA9
103,1.396,3875.3,16,170,0xA9
104,1.401,3894.2,16,169,0xA9
105,1.406,3913.0,16,169,0xA9
106,1.411,3932.0,16,169,0xA9
107,1.416,3951.0,16,169,0xA9
108,1.421,3970.0,16,169,0xA8
109,1.426,3989.1,16,169,0xA8
110,1.431,4008.2,16,169,0xA8
111,1.436,4027.4,16,169,0xA8
112,1.440,4046.6,16,168,0xA8
113,1.445,4065.9,16,168,0xA8
114,1.450,4085.3,16,168,0xA8
115,1.455,4104.7,16,168,0xA8
116,1.460,4124.1,16,168,0xA7
117,1.465,4143.6,16,168,0xA7
118,1.470,4163.2,16,168,0xA7
119,1.475,4182.8,16,168,0xA7
120,1.479,4202.5,16,167,0xA7
121,1.484,4222.2,16,167,0xA7
122,1.489,4242.0,16,167,0xA7
123,1.494,4261.8,16,167,0xA6
124,1.499,4281.7,16,167,0xA6
125,1.504,4301.7,16,167,0xA6
126,1.509,4321.7,16,167,0xA6
127,1.514,4341.7,16,166,0xA6
128,1.519,4361.9,16,166,0xA6
129,1.523,4382.0,16,166,0xA6
130,1.528,4402.3,16,166,0xA6
131,1.533,4422.5,16,166,0xA5
132,1.538,4442.9,16,166,0xA5
133,1.543,4463.3,16,166,0xA5
134,1.548,4483.7,16,165,0xA5
135,1.553,4504.2,16,165,0xA5
136,1.558,4524.8,16,165,0xA5
137,1.563,4545.5,16,165,0xA5
138,1.567,4566.1,16,165,0xA4
139,1.572,4586.9,16,165,0xA4
140,1.577,4607.7,16,165,0xA4
141,1.582,4628.6,16,165,0xA4
142,1.587,4649.5,16,164,0xA4
143,1.592,4670.5,16,164,0xA4
144,1.597,4691.5,16,164,0xA4
145,1.602,4712.6,16,164,0xA3
146,1.606,4733.8,16,164,0xA3
147,1.611,4755.0,16,164,0xA3
148,1.616,4776.3,16,164,0xA3
149,1.621,4797.7,16,163,0xA3
150,1.626,4819.1,16,163,0xA3
151,1.631,4840.6,16,163,0xA3
152,1.636,4862.1,16,163,0xA2
153,1.641,4883.7,16,163,0xA2
154,1.646,4905.4,16,163,0xA2
155,1.650,4927.1,16,162,0xA2
156,1.655,4948.9,16,162,0xA2
157,1.660,4970.8,16,162,0xA2
158,1.665,4992.7,16,162,0xA2
159,1.670,5014.7,16,162,0xA1
160,1.675,5036.7,16,162,0xA1
161,1.680,5058.8,16,162,0xA1
162,1.685,5081.0,16,161,0xA1
163,1.689,5103.2,16,161,0xA1
164,1.694,5125.6,16,161,0xA1
165,1.699,5147.9,16,161,0xA0
166,1.704,5170.4,16,161,0xA0
167,1.709,5192.9,16,161,0xA0
168,1.714,5215.5,16,161,0xA0
169,1.719,5238.1,16,160,0xA0
170,1.724,5260.8,16,160,0xA0
171,1.729,5283.6,16,160,0xA0
172,1.733,5306.4,15,157,0x9D
173,1.738,5329.3,15,157,0x9D
174,1.743,5352.3,15,157,0x9D
175,1.748,5375.4,15,157,0x9D
176,1.753,5398.5,15,157,0x9C
177,1.758,5421.7,15,157,0x9C
178,1.763,5444.9,15,157,0x9C
179,1.768,5468.3,15,157,0x9C
180,1.772,5491.7,15,156,0x9C
181,1.777,5515.2,15,156,0x9C
182,1.782,5538.7,15,156,0x9C
183,1.787,5562.3,15,156,0x9C
184,1.792,5586.0,15,156,0x9B
185,1.797,5609.8,15,156,0x9B
186,1.802,5633.6,15,156,0x9B
187,1.807,5657.5,15,156,0x9B
188,1.812,5681.5,15,155,0x9B
189,1.816,5705.5,15,155,0x9B
190,1.821,5729.6,15,155,0x9B
191,1.826,5753.8,15,155,0x9B
192,1.831,5778.1,15,155,0x9A
193,1.836,5802.5,15,155,0x9A
194,1.841,5826.9,15,155,0x9A
195,1.846,5851.4,15,155,0x9A
196,1.851,5876.0,15,155,0x9A
197,1.855,5900.6,15,154,0x9A
198,1.860,5925.3,15,154,0x9A
199,1.865,5950.2,15,154,0x9A
200,1.870,5975.0,15,154,0x9A
201,1.875,6000.0,15,154,0x99
202,1.880,6025.0,15,154,0x99
203,1.885,6050.2,15,154,0x99
204,1.890,6075.4,15,154,0x99
205,1.895,6100.6,15,153,0x99
206,1.899,6126.0,15,153,0x99
207,1.904,6151.4,15,153,0x99
208,1.909,6176.9,15,153,0x98
209,1.914,6202.5,15,153,0x98
210,1.919,6228.2,15,153,0x98
211,1.924,6254.0,15,153,0x98
212,1.929,6279.8,15,152,0x98
213,1.934,6305.7,15,152,0x98
214,1.938,6331.7,15,152,0x98
215,1.943,6357.8,15,152,0x98
216,1.948,6384.0,15,152,0x97
217,1.953,6410.3,15,152,0x97
218,1.958,6436.6,15,152,0x97
219,1.963,6463.0,15,152,0x97
220,1.968,6489.5,15,151,0x97
221,1.973,6516.1,15,151,0x97
222,1.978,6542.8,15,151,0x97
223,1.982,6569.6,15,151,0x97
224,1.987,6596.4,15,151,0x96
225,1.992,6623.4,15,151,0x96
226,1.997,6650.4,15,151,0x96
227,2.002,6677.5,15,150,0x96
228,2.007,6704.7,15,150,0x96
229,2.012,6732.0,15,150,0x96
230,2.017,6759.4,15,150,0x96
231,2.021,6786.9,14,147,0x93
232,2.026,6814.4,14,147,0x93
233,2.031,6842.1,14,147,0x93
234,2.036,6869.9,14,147,0x92
235,2.041,6897.7,14,147,0x92
236,2.046,6925.6,14,147,0x92
237,2.051,6953.6,14,147,0x92
238,2.056,6981.8,14,147,0x92
239,2.061,7010.0,14,146,0x92
240,2.065,7038.3,14,146,0x92
241,2.070,7066.7,14,146,0x92
242,2.075,7095.2,14,146,0x92
243,2.080,7123.7,14,146,0x92
244,2.085,7152.4,14,146,0x91
245,2.090,7181.2,14,146,0x91
246,2.095,7210.1,14,146,0x91
247,2.100,7239.1,14,146,0x91
248,2.104,7268.1,14,146,0x91
249,2.109,7297.3,14,145,0x91
250,2.114,7326.6,14,145,0x91
251,2.119,7355.9,14,145,0x91
252,2.124,7385.4,14,145,0x91
253,2.129,7415.0,14,145,0x90
254,2.134,7444.6,14,145,0x90
255,2.139,7474.4,14,145,0x90
256,2.144,7504.3,14,145,0x90
257,2.148,7534.2,14,145,0x90
258,2.153,7564.3,14,144,0x90
259,2.158,7594.5,14,144,0x90
260,2.163,7624.8,14,144,0x90
261,2.168,7655.2,14,144,0x90
262,2.173,7685.7,14,144,0x8F
263,2.178,7716.3,14,144,0x8F
264,2.183,7747.0,14,144,0x8F
265,2.188,7777.8,14,144,0x8F
266,2.192,7808.7,14,144,0x8F
267,2.197,7839.7,14,143,0x8F
268,2.202,7870.9,14,143,0x8F
269,2.207,7902.1,14,143,0x8F
270,2.212,7933.5,14,143,0x8F
271,2.217,7964.9,14,143,0x8E
272,2.222,7996.5,14,143,0x8E
273,2.227,8028.2,14,143,0x8E
274,2.231,8060.0,14,143,0x8E
275,2.236,8091.9,14,142,0x8E
276,2.241,8123.9,14,142,0x8E
277,2.246,8156.0,14,142,0x8E
278,2.251,8188.3,14,142,0x8E
279,2.256,8220.6,14,142,0x8E
280,2.261,8253.1,14,142,0x8D
281,2.266,8285.7,14,142,0x8D
282,2.271,8318.4,14,142,0x8D
283,2.275,8351.3,14,142,0x8D
284,2.280,8384.2,14,141,0x8D
285,2.285,8417.3,14,141,0x8D
286,2.290,8450.5,14,141,0x8D
287,2.295,8483.8,14,141,0x8D
288,2.300,8517.2,14,141,0x8C
289,2.305,8550.7,14,141,0x8C
290,2.310,8584.4,14,141,0x8C
291,2.314,8618.2,14,141,0x8C
292,2.319,8652.1,14,140,0x8C
293,2.324,8686.1,14,140,0x8C
294,2.329,8720.3,14,140,0x8C
295,2.334,8754.6,14,140,0x8C
296,2.339,8789.0,13,138,0x89
297,2.344,8823.5,13,138,0x89
298,2.349,8858.2,13,138,0x89
299,2.354,8893.0,13,138,0x89
300,2.358,8927.9,13,137,0x89
301,2.363,8963.0,13,137,0x89
302,2.368,8998.1,13,137,0x89
303,2.373,9033.5,13,137,0x89
304,2.378,9068.9,13,137,0x89
305,2.383,9104.5,13,137,0x88
306,2.388,9140.2,13,137,0x88
307,2.393,9176.0,13,137,0x88
308,2.397,9212.0,13,137,0x88
309,2.402,9248.1,13,137,0x88
310,2.407,9284.4,13,136,0x88
311,2.412,9320.8,13,136,0x88
312,2.417,9357.3,13,136,0x88
313,2.422,9393.9,13,136,0x88
314,2.427,9430.7,13,136,0x87
315,2.432,9467.7,13,136,0x87
316,2.437,9504.8,13,136,0x87
317,2.441,9542.0,13,136,0x87
318,2.446,9579.3,13,136,0x87
319,2.451,9616.9,13,135,0x87
320,2.456,9654.5,13,135,0x87
321,2.461,9692.3,13,135,0x87
322,2.466,9730.3,13,135,0x87
323,2.471,9768.3,13,135,0x87
324,2.476,9806.6,13,135,0x86
325,2.480,9845.0,13,135,0x86
326,2.485,9883.5,13,135,0x86
327,2.490,9922.2,13,135,0x86
328,2.495,9961.0,13,134,0x86
329,2.500,10000.0,13,134,0x86
330,2.505,10039.1,13,134,0x86
331,2.510,10078.4,13,134,0x86
332,2.515,10117.9,13,134,0x85
333,2.520,10157.5,13,134,0x85
334,2.524,10197.2,13,134,0x85
335,2.529,10237.2,13,134,0x85
336,2.534,10277.2,13,134,0x85
337,2.539,10317.5,13,133,0x85
338,2.544,10357.9,13,133,0x85
339,2.549,10398.4,13,133,0x85
340,2.554,10439.1,13,133,0x85
341,2.559,10480.0,13,133,0x84
342,2.563,10521.0,13,133,0x84
343,2.568,10562.2,13,133,0x84
344,2.573,10603.6,13,133,0x84
345,2.578,10645.2,13,132,0x84
346,2.583,10686.9,13,132,0x84
347,2.588,10728.7,13,132,0x84
348,2.593,10770.8,13,132,0x84
349,2.598,10813.0,13,132,0x83
350,2.603,10855.4,13,132,0x83
351,2.607,10898.0,13,132,0x83
352,2.612,10940.7,13,132,0x83
353,2.617,10983.6,13,131,0x83
354,2.622,11026.7,13,131,0x83
355,2.627,11070.0,13,131,0x83
356,2.632,11113.4,13,131,0x83
357,2.637,11157.0,13,131,0x82
358,2.642,11200.8,13,131,0x82
359,2.646,11244.8,13,131,0x82
360,2.651,11289.0,13,131,0x82
361,2.656,11333.3,13,130,0x82
362,2.661,11377.9,13,130,0x82
363,2.666,11422.6,13,130,0x82
364,2.671,11467.5,13,130,0x82
365,2.676,11512.6,12,129,0x81
366,2.681,11557.9,12,129,0x81
367,2.686,11603.4,12,129,0x80
368,2.690,11649.0,12,129,0x80
369,2.695,11694.9,12,129,0x80
370,2.700,11741.0,12,129,0x80
371,2.705,11787.2,12,128,0x80
372,2.710,11833.7,12,128,0x80
373,2.715,11880.3,12,128,0x80
374,2.720,11927.2,12,128,0x80
375,2.725,11974.2,12,128,0x80
376,2.729,12021.5,12,128,0x7F
377,2.734,12069.0,12,128,0x7F
378,2.739,12116.6,12,128,0x7F
379,2.744,12164.5,12,128,0x7F
380,2.749,12212.6,12,127,0x7F
381,2.754,12260.9,12,127,0x7F
382,2.759,12309.4,12,127,0x7F
383,2.764,12358.1,12,127,0x7F
384,2.769,12407.0,12,127,0x7E
385,2.773,12456.1,12,127,0x7E
386,2.778,12505.5,12,127,0x7E
387,2.783,12555.1,12,127,0x7E
388,2.788,12604.9,12,126,0x7E
389,2.793,12654.9,12,126,0x7E
390,2.798,12705.1,12,126,0x7E
391,2.803,12755.6,12,126,0x7E
392,2.808,12806.2,12,126,0x7D
393,2.813,12857.1,12,126,0x7D
394,2.817,12908.3,12,126,0x7D
395,2.822,12959.6,12,126,0x7D
396,2.827,13011.2,12,125,0x7D
397,2.832,13063.1,12,125,0x7D
398,2.837,13115.1,12,125,0x7D
399,2.842,13167.4,12,125,0x7D
400,2.847,13220.0,11,124,0x7B
401,2.852,13272.7,11,124,0x7B
402,2.856,13325.7,11,124,0x7B
403,2.861,13379.0,11,124,0x7B
404,2.866,13432.5,11,123,0x7B
405,2.871,13486.2,11,123,0x7B
406,2.876,13540.2,11,123,0x7B
407,2.881,13594.5,11,123,0x7B
408,2.886,13649.0,11,123,0x7B
409,2.891,13703.7,11,123,0x7A
410,2.896,13758.7,11,123,0x7A
411,2.900,13814.0,11,123,0x7A
412,2.905,13869.5,11,123,0x7A
413,2.910,13925.2,11,122,0x7A
414,2.915,13981.3,11,122,0x7A
415,2.920,14037.6,11,122,0x7A
416,2.925,14094.1,11,122,0x7A
417,2.930,14150.9,11,122,0x7A
418,2.935,14208.0,11,122,0x79
419,2.939,14265.4,11,122,0x79
420,2.944,14323.0,11,122,0x79
421,2.949,14381.0,11,122,0x79
422,2.954,14439.1,11,122,0x79
423,2.959,14497.6,11,121,0x79
424,2.964,14556.4,11,121,0x79
425,2.969,14615.4,11,121,0x79
426,2.974,14674.7,11,121,0x79
427,2.979,14734.3,11,121,0x78
428,2.983,14794.2,11,121,0x78
429,2.988,14854.4,11,121,0x78
430,2.993,14914.8,11,121,0x78
431,2.998,14975.6,11,120,0x78
432,3.003,15036.7,11,120,0x78
433,3.008,15098.0,11,120,0x78
434,3.013,15159.7,11,120,0x78
435,3.018,15221.7,11,120,0x78
436,3.022,15284.0,10,117,0x74
437,3.027,15346.5,10,117,0x74
438,3.032,15409.4,10,117,0x74
439,3.037,15472.6,10,117,0x74
440,3.042,15536.2,10,117,0x74
441,3.047,15600.0,10,117,0x74
442,3.052,15664.2,10,116,0x74
443,3.057,15728.6,10,116,0x74
444,3.062,15793.5,10,116,0x74
445,3.066,15858.6,10,116,0x74
446,3.071,15924.1,10,116,0x74
447,3.076,15989.8,10,116,0x74
448,3.081,16056.0,10,116,0x73
449,3.086,16122.4,10,116,0x73
450,3.091,16189.3,10,116,0x73
451,3.096,16256.4,10,116,0x73
452,3.101,16323.9,10,116,0x73
453,3.105,16391.8,10,115,0x73
454,3.110,16459.9,10,115,0x73
455,3.115,16528.5,10,115,0x73
456,3.120,16597.4,10,115,0x73
457,3.125,16666.7,10,115,0x73
458,3.130,16736.3,10,115,0x73
459,3.135,16806.3,10,115,0x72
460,3.140,16876.6,10,115,0x72
461,3.145,16947.4,10,115,0x72
462,3.149,17018.5,10,115,0x72
463,3.154,17089.9,10,115,0x72
464,3.159,17161.8,10,114,0x72
465,3.164,17234.0,10,114,0x72
466,3.169,17306.7,10,114,0x72
467,3.174,17379.7,10,114,0x72
468,3.179,17453.1,10,114,0x72
469,3.184,17526.9,10,114,0x71
470,3.188,17601.1,10,114,0x71
471,3.193,17675.7,10,114,0x71
472,3.198,17750.7,10,114,0x71
473,3.203,17826.1,10,114,0x71
474,3.208,17901.9,10,113,0x71
475,3.213,17978.1,10,113,0x71
476,3.218,18054.8,10,113,0x71
477,3.223,18131.9,10,113,0x71
478,3.228,18209.4,10,113,0x71
479,3.232,18287.3,10,113,0x70
480,3.237,18365.7,10,113,0x70
481,3.242,18444.4,10,113,0x70
482,3.247,18523.7,10,113,0x70
483,3.252,18603.4,10,112,0x70
484,3.257,18683.5,10,112,0x70
485,3.262,18764.0,10,112,0x70
486,3.267,18845.1,10,112,0x70
487,3.271,18926.6,10,112,0x70
488,3.276,19008.5,10,112,0x6F
489,3.281,19090.9,10,112,0x6F
490,3.286,19173.8,10,112,0x6F
491,3.291,19257.1,10,112,0x6F
492,3.296,19341.0,10,111,0x6F
493,3.301,19425.3,10,111,0x6F
494,3.306,19510.1,10,111,0x6F
495,3.311,19595.4,10,111,0x6F
496,3.315,19681.2,10,111,0x6F
497,3.320,19767.4,10,111,0x6E
498,3.325,19854.2,10,111,0x6E
499,3.330,19941.5,10,111,0x6E
500,3.335,20029.3,10,111,0x6E
501,3.340,20117.6,10,110,0x6E
502,3.345,20206.5,10,110,0x6E
503,3.350,20295.9,10,110,0x6E
504,3.354,20385.8,10,110,0x6E
505,3.359,20476.2,9,107,0x6A
506,3.364,20567.2,9,107,0x6A
507,3.369,20658.7,9,107,0x6A
508,3.374,20750.8,9,107,0x6A
509,3.379,20843.4,9,107,0x6A
510,3.384,20936.6,9,106,0x6A
511,3.389,21030.3,9,106,0x6A
512,3.394,21124.6,9,106,0x6A
513,3.398,21219.5,9,106,0x6A
514,3.403,21315.0,9,106,0x6A
515,3.408,21411.0,9,106,0x6A
516,3.413,21507.7,9,106,0x69
517,3.418,21604.9,9,106,0x69
518,3.423,21702.8,9,106,0x69
519,3.428,21801.2,9,106,0x69
520,3.433,21900.3,9,106,0x69
521,3.438,22000.0,9,105,0x69
522,3.442,22100.3,9,105,0x69
523,3.447,22201.3,9,105,0x69
524,3.452,22302.8,9,105,0x69
525,3.457,22405.1,9,105,0x69
526,3.462,22507.9,9,105,0x68
527,3.467,22611.5,9,105,0x68
528,3.472,22715.7,9,105,0x68
529,3.477,22820.5,9,105,0x68
530,3.481,22926.0,9,105,0x68
531,3.486,23032.3,9,104,0x68
532,3.491,23139.2,9,104,0x68
533,3.496,23246.8,9,104,0x68
534,3.501,23355.0,9,104,0x68
535,3.506,23464.1,9,104,0x68
536,3.511,23573.8,9,104,0x67
537,3.516,23684.2,9,104,0x67
538,3.521,23795.4,9,104,0x67
539,3.525,23907.3,9,104,0x67
540,3.530,24019.9,9,104,0x67
541,3.535,24133.3,9,103,0x67
542,3.540,24247.5,9,103,0x67
543,3.545,24362.4,9,103,0x67
544,3.550,24478.1,9,103,0x67
545,3.555,24594.6,9,103,0x67
546,3.560,24711.9,9,103,0x66
547,3.564,24829.9,9,103,0x66
548,3.569,24948.8,9,103,0x66
549,3.574,25068.5,9,103,0x66
550,3.579,25189.0,9,102,0x66
551,3.584,25310.3,9,102,0x66
552,3.589,25432.5,9,102,0x66
553,3.594,25555.6,9,102,0x66
554,3.599,25679.4,9,102,0x66
555,3.604,25804.2,9,102,0x65
556,3.608,25929.8,9,102,0x65
557,3.613,26056.3,9,102,0x65
558,3.618,26183.7,9,102,0x65
559,3.623,26312.1,9,101,0x65
560,3.628,26441.3,9,101,0x65
561,3.633,26571.4,9,101,0x65
562,3.638,26702.5,9,101,0x65
563,3.643,26834.5,9,101,0x64
564,3.647,26967.5,9,101,0x64
565,3.652,27101.4,9,101,0x64
566,3.657,27236.4,9,101,0x64
567,3.662,27372.3,9,100,0x64
568,3.667,27509.2,9,100,0x64
569,3.672,27647.1,9,100,0x64
570,3.677,27786.0,9,100,0x64
571,3.682,27925.9,8,97,0x60
572,3.687,28066.9,8,97,0x60
573,3.691,28209.0,8,97,0x60
574,3.696,28352.1,8,97,0x60
575,3.701,28496.2,8,96,0x60
576,3.706,28641.5,8,96,0x60
577,3.711,28787.9,8,96,0x60
578,3.716,28935.4,8,96,0x60
579,3.721,29084.0,8,96,0x60
580,3.726,29233.7,8,96,0x5F
581,3.730,29384.6,8,96,0x5F
582,3.735,29536.7,8,96,0x5F
583,3.740,29689.9,8,96,0x5F
584,3.745,29844.4,8,96,0x5F
585,3.750,30000.0,8,95,0x5F
586,3.755,30156.9,8,95,0x5F
587,3.760,30315.0,8,95,0x5F
588,3.765,30474.3,8,95,0x5F
589,3.770,30634.9,8,95,0x5F
590,3.774,30796.8,8,95,0x5E
591,3.779,30960.0,8,95,0x5E
592,3.784,31124.5,8,95,0x5E
593,3.789,31290.3,8,95,0x5E
594,3.794,31457.5,8,95,0x5E
595,3.799,31626.0,8,94,0x5E
596,3.804,31795.9,8,94,0x5E
597,3.809,31967.2,8,94,0x5E
598,3.813,32139.9,8,94,0x5E
599,3.818,32314.0,8,94,0x5D
600,3.823,32489.6,8,94,0x5D
601,3.828,32666.7,8,94,0x5D
602,3.833,32845.2,8,94,0x5D
603,3.838,33025.2,8,94,0x5D
604,3.843,33206.8,8,93,0x5D
605,3.848,33389.8,8,93,0x5D
606,3.853,33574.5,8,93,0x5D
607,3.857,33760.7,8,93,0x5D
608,3.862,33948.5,8,93,0x5C
609,3.867,34137.9,8,93,0x5C
610,3.872,34329.0,8,93,0x5C
611,3.877,34521.7,8,93,0x5C
612,3.882,34716.2,8,92,0x5C
613,3.887,34912.3,8,92,0x5C
614,3.892,35110.1,8,92,0x5C
615,3.896,35309.7,8,92,0x5C
616,3.901,35511.1,8,92,0x5B
617,3.906,35714.3,8,92,0x5B
618,3.911,35919.3,8,92,0x5B
619,3.916,36126.1,8,92,0x5B
620,3.921,36334.8,8,91,0x5B
621,3.926,36545.5,8,91,0x5B
622,3.931,36758.0,8,91,0x5B
623,3.936,36972.5,8,91,0x5B
624,3.940,37188.9,8,91,0x5A
625,3.945,37407.4,8,91,0x5A
626,3.950,37627.9,8,91,0x5A
627,3.955,37850.5,8,90,0x5A
628,3.960,38075.1,8,90,0x5A
629,3.965,38301.9,8,90,0x5A
630,3.970,38530.8,8,90,0x5A
631,3.975,38761.9,7,87,0x56
632,3.979,38995.2,7,87,0x56
633,3.984,39230.8,7,86,0x56
634,3.989,39468.6,7,86,0x56
635,3.994,39708.7,7,86,0x56
636,3.999,39951.2,7,86,0x56
637,4.004,40196.1,7,86,0x56
638,4.009,40443.3,7,86,0x55
639,4.014,40693.1,7,86,0x55
640,4.019,40945.3,7,86,0x55
641,4.023,41200.0,7,86,0x55
642,4.028,41457.3,7,85,0x55
643,4.033,41717.2,7,85,0x55
644,4.038,41979.7,7,85,0x55
645,4.043,42244.9,7,85,0x55
646,4.048,42512.8,7,85,0x55
647,4.053,42783.5,7,85,0x54
648,4.058,43057.0,7,85,0x54
649,4.063,43333.3,7,85,0x54
650,4.067,43612.6,7,85,0x54
651,4.072,43894.7,7,84,0x54
652,4.077,44179.9,7,84,0x54
653,4.082,44468.1,7,84,0x54
654,4.087,44759.4,7,84,0x54
655,4.092,45053.8,7,84,0x53
656,4.097,45351.4,7,84,0x53
657,4.102,45652.2,7,84,0x53
658,4.106,45956.3,7,84,0x53
659,4.111,46263.7,7,83,0x53
660,4.116,46574.6,7,83,0x53
661,4.121,46888.9,7,83,0x53
662,4.126,47206.7,7,83,0x53
663,4.131,47528.1,7,83,0x52
664,4.136,47853.1,7,83,0x52
665,4.141,48181.8,7,83,0x52
666,4.146,48514.3,7,82,0x52
667,4.150,48850.6,7,82,0x52
668,4.155,49190.8,7,82,0x52
669,4.160,49534.9,7,82,0x52
670,4.165,49883.0,7,82,0x51
671,4.170,50235.3,7,82,0x51
672,4.175,50591.7,7,82,0x51
673,4.180,50952.4,7,81,0x51
674,4.185,51317.4,7,81,0x51
675,4.189,51686.7,7,81,0x51
676,4.194,52060.6,7,81,0x50
677,4.199,52439.0,7,81,0x50
678,4.204,52822.1,7,81,0x50
679,4.209,53209.9,7,80,0x50
680,4.214,53602.5,7,80,0x50
681,4.219,54000.0,7,80,0x50
682,4.224,54402.5,6,77,0x4C
683,4.229,54810.1,6,76,0x4C
684,4.233,55222.9,6,76,0x4C
685,4.238,55641.0,6,76,0x4C
686,4.243,56064.5,6,76,0x4C
687,4.248,56493.5,6,76,0x4B
688,4.253,56928.1,6,76,0x4B
689,4.258,57368.4,6,76,0x4B
690,4.263,57814.6,6,76,0x4B
691,4.268,58266.7,6,75,0x4B
692,4.272,58724.8,6,75,0x4B
693,4.277,59189.2,6,75,0x4B
694,4.282,59659.9,6,75,0x4B
695,4.287,60137.0,6,75,0x4A
696,4.292,60620.7,6,75,0x4A
697,4.297,61111.1,6,75,0x4A
698,4.302,61608.4,6,74,0x4A
699,4.307,62112.7,6,74,0x4A
700,4.312,62624.1,6,74,0x4A
701,4.316,63142.9,6,74,0x4A
702,4.321,63669.1,6,74,0x49
703,4.326,64202.9,6,74,0x49
704,4.331,64744.5,6,74,0x49
705,4.336,65294.1,6,73,0x49
706,4.341,65851.9,6,73,0x49
707,4.346,66417.9,6,73,0x49
708,4.351,66992.5,6,73,0x48
709,4.355,67575.8,6,73,0x48
710,4.360,68167.9,6,73,0x48
711,4.365,68769.2,6,72,0x48
712,4.370,69379.8,6,72,0x48
713,4.375,70000.0,6,72,0x48
714,4.380,70629.9,6,72,0x47
715,4.385,71269.8,6,72,0x47
716,4.390,71920.0,6,72,0x47
717,4.395,72580.6,6,71,0x47
718,4.399,73252.0,6,71,0x47
719,4.404,73934.4,6,71,0x47
720,4.409,74628.1,6,71,0x46
721,4.414,75333.3,6,71,0x46
722,4.419,76050.4,6,70,0x46
723,4.424,76779.7,6,70,0x46
724,4.429,77521.4,5,66,0x42
725,4.434,78275.9,5,66,0x42
726,4.438,79043.5,5,66,0x42
727,4.443,79824.6,5,66,0x42
728,4.448,80619.5,5,66,0x41
729,4.453,81428.6,5,66,0x41
730,4.458,82252.3,5,66,0x41
731,4.463,83090.9,5,65,0x41
732,4.468,83945.0,5,65,0x41
733,4.473,84814.8,5,65,0x41
734,4.478,85700.9,5,65,0x40
735,4.482,86603.8,5,65,0x40
736,4.487,87523.8,5,65,0x40
737,4.492,88461.5,5,64,0x40
738,4.497,89417.5,5,64,0x40
739,4.502,90392.2,5,64,0x40
740,4.507,91386.1,5,64,0x3F
741,4.512,92400.0,5,64,0x3F
742,4.517,93434.3,5,64,0x3F
743,4.521,94489.8,5,63,0x3F
744,4.526,95567.0,5,63,0x3F
745,4.531,96666.7,5,63,0x3E
746,4.536,97789.5,5,63,0x3E
747,4.541,98936.2,5,63,0x3E
748,4.546,100107.5,5,62,0x3E
749,4.551,101304.3,5,62,0x3E
750,4.556,102527.5,5,62,0x3D
751,4.561,103777.8,5,62,0x3D
752,4.565,105056.2,5,61,0x3D
753,4.570,106363.6,5,61,0x3D
754,4.575,107701.1,5,61,0x3C
755,4.580,109069.8,5,61,0x3C
756,4.585,110470.6,5,60,0x3C
757,4.590,111904.8,5,60,0x3C
758,4.595,113373.5,4,56,0x38
759,4.600,114878.0,4,56,0x38
760,4.604,116419.8,4,56,0x37
761,4.609,118000.0,4,56,0x37
762,4.614,119620.3,4,56,0x37
763,4.619,121282.1,4,55,0x37
764,4.624,122987.0,4,55,0x37
765,4.629,124736.8,4,55,0x36
766,4.634,126533.3,4,55,0x36
767,4.639,128378.4,4,55,0x36
768,4.644,130274.0,4,54,0x36
769,4.648,132222.2,4,54,0x36
770,4.653,134225.4,4,54,0x35
771,4.658,136285.7,4,54,0x35
772,4.663,138405.8,4,53,0x35
773,4.668,140588.2,4,53,0x35
774,4.673,142835.8,4,53,0x34
775,4.678,145151.5,4,53,0x34
776,4.683,147538.5,4,52,0x34
777,4.688,150000.0,4,52,0x34
778,4.692,152539.7,4,52,0x33
779,4.697,155161.3,4,51,0x33
780,4.702,157868.9,4,51,0x33
781,4.707,160666.7,4,51,0x32
782,4.712,163559.3,4,51,0x32
783,4.717,166551.7,4,50,0x32
784,4.722,169649.1,3,46,0x2E
785,4.727,172857.1,3,46,0x2D
786,4.731,176181.8,3,46,0x2D
787,4.736,179629.6,3,45,0x2D
788,4.741,183207.5,3,45,0x2D
789,4.746,186923.1,3,45,0x2C
790,4.751,190784.3,3,45,0x2C
791,4.756,194800.0,3,44,0x2C
792,4.761,198979.6,3,44,0x2B
793,4.766,203333.3,3,44,0x2B
794,4.771,207872.3,3,43,0x2B
795,4.775,212608.7,3,43,0x2B
796,4.780,217555.6,3,43,0x2A
797,4.785,222727.3,3,42,0x2A
798,4.790,228139.5,3,42,0x29
799,4.795,233809.5,3,42,0x29
800,4.800,239756.1,3,41,0x29
801,4.805,246000.0,3,41,0x28
802,4.810,252564.1,3,40,0x28
803,4.814,259473.7,2,37,0x24
804,4.819,266756.8,2,36,0x24
805,4.824,274444.4,2,36,0x23
806,4.829,282571.4,2,36,0x23
807,4.834,291176.5,2,35,0x23
808,4.839,300303.0,2,35,0x22
809,4.844,310000.0,2,34,0x22
810,4.849,320322.6,2,34,0x21
811,4.854,331333.3,2,33,0x21
812,4.858,343103.4,2,33,0x20
813,4.863,355714.3,2,32,0x20
814,4.868,369259.3,2,31,0x1F
815,4.873,383846.2,2,31,0x1E
816,4.878,399600.0,1,27,0x1B
817,4.883,416666.7,1,27,0x1A
818,4.888,435217.4,1,26,0x1A
819,4.893,455454.5,1,26,0x19
820,4.897,477619.0,1,25,0x19
