Angle [rad],Vrms [V],Vavg [V],Vrms [%],Vmeas [V],,In [%],Time [us],Time [ticks],Vmeas [V]
0.000E+00,120.142,107.957,100.00%,119.83,,0%,8130,57305,0.00
3.068E-03,120.142,107.957,100.00%,119.83,,1%,8073,57362,0.12
6.136E-03,120.142,107.956,100.00%,119.83,,2%,7976,57459,0.36
9.204E-03,120.142,107.955,100.00%,119.83,,3%,7886,57549,0.67
1.227E-02,120.142,107.954,100.00%,119.83,,4%,7796,57639,1.05
1.534E-02,120.142,107.951,100.00%,119.83,,5%,7715,57720,1.46
1.841E-02,120.142,107.949,100.00%,119.82,,6%,7634,57801,1.88
2.148E-02,120.142,107.946,100.00%,119.82,,7%,7560,57875,2.34
2.454E-02,120.142,107.942,100.00%,119.82,,8%,7495,57940,2.79
2.761E-02,120.142,107.937,100.00%,119.81,,9%,7430,58005,3.28
3.068E-02,120.142,107.933,100.00%,119.81,,10%,7365,58070,3.80
3.375E-02,120.142,107.927,100.00%,119.80,,11%,7292,58143,4.36
3.682E-02,120.142,107.921,100.00%,119.79,,12%,7235,58200,4.88
3.988E-02,120.141,107.915,100.00%,119.79,,13%,7170,58265,5.50
4.295E-02,120.141,107.908,100.00%,119.78,,14%,7113,58322,6.08
4.602E-02,120.141,107.901,100.00%,119.77,,15%,7056,58379,6.68
4.909E-02,120.141,107.893,100.00%,119.76,,16%,6991,58444,7.30
5.216E-02,120.140,107.884,100.00%,119.75,,17%,6934,58501,7.96
5.523E-02,120.140,107.875,100.00%,119.74,,18%,6877,58558,8.63
5.829E-02,120.140,107.865,100.00%,119.73,,19%,6828,58607,9.23
6.136E-02,120.139,107.855,100.00%,119.72,,20%,6771,58664,9.95
6.443E-02,120.139,107.845,100.00%,119.71,,21%,6722,58713,10.59
6.750E-02,120.138,107.833,100.00%,119.69,,22%,6657,58778,11.36
7.057E-02,120.138,107.822,100.00%,119.68,,23%,6608,58827,12.04
7.363E-02,120.137,107.809,100.00%,119.67,,24%,6559,58876,12.73
7.670E-02,120.136,107.796,100.00%,119.65,,25%,6511,58924,13.44
7.977E-02,120.136,107.783,99.99%,119.64,,26%,6454,58981,14.29
8.284E-02,120.135,107.769,99.99%,119.62,,27%,6405,59030,15.03
8.591E-02,120.134,107.755,99.99%,119.61,,28%,6356,59079,15.79
8.897E-02,120.133,107.740,99.99%,119.59,,29%,6299,59136,16.57
9.204E-02,120.132,107.724,99.99%,119.57,,30%,6250,59185,17.36
9.511E-02,120.131,107.708,99.99%,119.56,,31%,6201,59234,18.17
9.818E-02,120.130,107.692,99.99%,119.54,,32%,6153,59282,18.99
1.012E-01,120.129,107.675,99.99%,119.52,,33%,6104,59331,19.83
1.043E-01,120.127,107.657,99.99%,119.50,,34%,6055,59380,20.68
1.074E-01,120.126,107.639,99.99%,119.48,,35%,5998,59437,21.55
1.105E-01,120.125,107.620,99.99%,119.46,,36%,5949,59486,22.43
1.135E-01,120.123,107.601,99.98%,119.44,,37%,5900,59535,23.32
1.166E-01,120.121,107.581,99.98%,119.42,,38%,5851,59584,24.22
1.197E-01,120.120,107.561,99.98%,119.39,,39%,5811,59624,24.99
1.227E-01,120.118,107.540,99.98%,119.37,,40%,5762,59673,25.91
1.258E-01,120.116,107.519,99.98%,119.35,,41%,5713,59722,26.85
1.289E-01,120.116,107.519,99.98%,119.35,,42%,5656,59779,27.81
1.319E-01,120.114,107.497,99.98%,119.32,,43%,5607,59828,28.77
1.350E-01,120.112,107.475,99.97%,119.30,,44%,5558,59877,29.74
1.381E-01,120.110,107.452,99.97%,119.27,,45%,5510,59925,30.73
1.411E-01,120.107,107.428,99.97%,119.25,,46%,5461,59974,31.72
1.442E-01,120.105,107.404,99.97%,119.22,,47%,5420,60015,32.56
1.473E-01,120.103,107.380,99.97%,119.19,,48%,5371,60064,33.57
1.503E-01,120.100,107.355,99.96%,119.16,,49%,5314,60121,34.60
1.534E-01,120.097,107.329,99.96%,119.14,,50%,5265,60170,35.63
1.565E-01,120.094,107.303,99.96%,119.11,,51%,5217,60218,36.67
1.595E-01,120.091,107.277,99.96%,119.08,,52%,5168,60267,37.72
1.626E-01,120.088,107.249,99.96%,119.05,,53%,5119,60316,38.77
1.657E-01,120.085,107.222,99.95%,119.02,,54%,5070,60365,39.84
1.687E-01,120.082,107.194,99.95%,118.98,,55%,5021,60414,40.91
1.718E-01,120.078,107.165,99.95%,118.95,,56%,4956,60479,42.17
1.749E-01,120.075,107.136,99.94%,118.92,,57%,4907,60528,43.25
1.779E-01,120.071,107.106,99.94%,118.89,,58%,4859,60576,44.34
1.810E-01,120.067,107.075,99.94%,118.85,,59%,4810,60625,45.44
1.841E-01,120.063,107.045,99.93%,118.82,,60%,4761,60674,46.54
1.872E-01,120.059,107.013,99.93%,118.78,,61%,4704,60731,47.83
1.902E-01,120.055,106.981,99.93%,118.75,,62%,4647,60788,48.94
1.933E-01,120.051,106.949,99.92%,118.71,,63%,4590,60845,50.24
1.964E-01,120.046,106.916,99.92%,118.68,,64%,4541,60894,51.36
1.994E-01,120.041,106.883,99.92%,118.64,,65%,4484,60951,52.67
2.025E-01,120.037,106.849,99.91%,118.60,,66%,4435,61000,53.80
2.056E-01,120.032,106.814,99.91%,118.56,,67%,4378,61057,55.11
2.086E-01,120.027,106.779,99.90%,118.52,,68%,4313,61122,56.43
2.117E-01,120.021,106.743,99.90%,118.49,,69%,4256,61179,57.75
2.148E-01,120.016,106.707,99.89%,118.45,,70%,4199,61236,59.07
2.178E-01,120.010,106.671,99.89%,118.40,,71%,4142,61293,60.39
2.209E-01,120.005,106.634,99.89%,118.36,,72%,4085,61350,61.71
2.240E-01,119.999,106.596,99.88%,118.32,,73%,4028,61407,63.03
2.270E-01,119.993,106.558,99.88%,118.28,,74%,3963,61472,64.35
2.301E-01,119.986,106.519,99.87%,118.24,,75%,3898,61537,65.86
2.332E-01,119.980,106.480,99.86%,118.19,,76%,3841,61594,67.17
2.362E-01,119.973,106.440,99.86%,118.15,,77%,3776,61659,68.66
2.393E-01,119.967,106.400,99.85%,118.10,,78%,3711,61724,70.15
2.424E-01,119.960,106.359,99.85%,118.06,,79%,3638,61797,71.64
2.454E-01,119.953,106.318,99.84%,118.01,,80%,3565,61870,73.30
2.485E-01,119.945,106.276,99.84%,117.97,,81%,3499,61936,74.76
2.516E-01,119.938,106.234,99.83%,117.92,,82%,3426,62009,76.40
2.546E-01,119.938,106.234,99.83%,117.92,,83%,3353,62082,78.03
2.577E-01,119.930,106.191,99.82%,117.87,,84%,3272,62163,79.64
2.608E-01,119.922,106.148,99.82%,117.82,,85%,3190,62245,81.41
2.639E-01,119.914,106.104,99.81%,117.78,,86%,3109,62326,83.16
2.669E-01,119.906,106.059,99.80%,117.73,,87%,3027,62408,84.89
2.700E-01,119.898,106.015,99.80%,117.68,,88%,2930,62505,86.76
2.731E-01,119.889,105.969,99.79%,117.63,,89%,2840,62595,88.60
2.761E-01,119.880,105.923,99.78%,117.57,,90%,2743,62692,90.56
2.792E-01,119.871,105.877,99.77%,117.52,,91%,2637,62798,92.48
2.823E-01,119.862,105.830,99.77%,117.47,,92%,2523,62912,94.67
2.853E-01,119.853,105.782,99.76%,117.42,,93%,2409,63026,96.78
2.884E-01,119.843,105.734,99.75%,117.37,,94%,2271,63164,99.12
2.915E-01,119.833,105.686,99.74%,117.31,,95%,2132,63303,101.48
2.945E-01,119.823,105.637,99.73%,117.26,,96%,1969,63466,103.99
2.976E-01,119.813,105.587,99.73%,117.20,,97%,1782,63653,106.81
3.007E-01,119.803,105.537,99.72%,117.15,,98%,1546,63889,109.91
3.037E-01,119.792,105.487,99.71%,117.09,,99%,1221,64214,113.58
3.068E-01,119.781,105.436,99.70%,117.03,,100%,8,65427,119.83
3.099E-01,119.770,105.384,99.69%,116.98,,,,,
3.129E-01,119.759,105.332,99.68%,116.92,,,,,
3.160E-01,119.747,105.279,99.67%,116.86,,,,,
3.191E-01,119.735,105.226,99.66%,116.80,,,,,
3.221E-01,119.723,105.173,99.65%,116.74,,,,,
3.252E-01,119.711,105.119,99.64%,116.68,,,,,
3.283E-01,119.699,105.064,99.63%,116.62,,,,,
3.314E-01,119.686,105.009,99.62%,116.56,,,,,
3.344E-01,119.673,104.953,99.61%,116.50,,,,,
3.375E-01,119.660,104.897,99.60%,116.44,,,,,
3.406E-01,119.646,104.840,99.59%,116.37,,,,,
3.436E-01,119.633,104.783,99.58%,116.31,,,,,
3.467E-01,119.619,104.726,99.56%,116.25,,,,,
3.498E-01,119.605,104.668,99.55%,116.18,,,,,
3.528E-01,119.590,104.609,99.54%,116.12,,,,,
3.559E-01,119.576,104.550,99.53%,116.05,,,,,
3.590E-01,119.561,104.490,99.52%,115.98,,,,,
3.620E-01,119.546,104.430,99.50%,115.92,,,,,
3.651E-01,119.530,104.369,99.49%,115.85,,,,,
3.682E-01,119.515,104.308,99.48%,115.78,,,,,
3.712E-01,119.499,104.247,99.46%,115.71,,,,,
3.743E-01,119.483,104.184,99.45%,115.64,,,,,
3.774E-01,119.466,104.122,99.44%,115.58,,,,,
3.804E-01,119.466,104.122,99.44%,115.58,,,,,
3.835E-01,119.450,104.059,99.42%,115.51,,,,,
3.866E-01,119.433,103.995,99.41%,115.43,,,,,
3.896E-01,119.415,103.931,99.40%,115.36,,,,,
3.927E-01,119.398,103.866,99.38%,115.29,,,,,
3.958E-01,119.380,103.801,99.37%,115.22,,,,,
3.988E-01,119.362,103.735,99.35%,115.15,,,,,
4.019E-01,119.344,103.669,99.34%,115.07,,,,,
4.050E-01,119.325,103.603,99.32%,115.00,,,,,
4.081E-01,119.306,103.536,99.30%,114.92,,,,,
4.111E-01,119.287,103.468,99.29%,114.85,,,,,
4.142E-01,119.268,103.400,99.27%,114.77,,,,,
4.173E-01,119.248,103.331,99.26%,114.70,,,,,
4.203E-01,119.228,103.262,99.24%,114.62,,,,,
4.234E-01,119.208,103.193,99.22%,114.54,,,,,
4.265E-01,119.187,103.123,99.21%,114.47,,,,,
4.295E-01,119.166,103.052,99.19%,114.39,,,,,
4.326E-01,119.145,102.981,99.17%,114.31,,,,,
4.357E-01,119.124,102.910,99.15%,114.23,,,,,
4.387E-01,119.102,102.838,99.13%,114.15,,,,,
4.418E-01,119.080,102.765,99.12%,114.07,,,,,
4.449E-01,119.058,102.693,99.10%,113.99,,,,,
4.479E-01,119.035,102.619,99.08%,113.91,,,,,
4.510E-01,119.012,102.545,99.06%,113.83,,,,,
4.541E-01,118.989,102.471,99.04%,113.74,,,,,
4.571E-01,118.965,102.396,99.02%,113.66,,,,,
4.602E-01,118.941,102.321,99.00%,113.58,,,,,
4.633E-01,118.917,102.245,98.98%,113.49,,,,,
4.663E-01,118.893,102.169,98.96%,113.41,,,,,
4.694E-01,118.868,102.092,98.94%,113.32,,,,,
4.725E-01,118.843,102.015,98.92%,113.24,,,,,
4.756E-01,118.818,101.937,98.90%,113.15,,,,,
4.786E-01,118.792,101.859,98.88%,113.06,,,,,
4.817E-01,118.766,101.780,98.85%,112.98,,,,,
4.848E-01,118.739,101.701,98.83%,112.89,,,,,
4.878E-01,118.713,101.621,98.81%,112.80,,,,,
4.909E-01,118.686,101.541,98.79%,112.71,,,,,
4.940E-01,118.658,101.460,98.76%,112.62,,,,,
4.970E-01,118.631,101.379,98.74%,112.53,,,,,
5.001E-01,118.603,101.298,98.72%,112.44,,,,,
5.032E-01,118.574,101.216,98.69%,112.35,,,,,
5.062E-01,118.574,101.216,98.69%,112.35,,,,,
5.093E-01,118.546,101.134,98.67%,112.26,,,,,
5.124E-01,118.517,101.051,98.65%,112.17,,,,,
5.154E-01,118.487,100.967,98.62%,112.07,,,,,
5.185E-01,118.458,100.883,98.60%,111.98,,,,,
5.216E-01,118.428,100.799,98.57%,111.89,,,,,
5.246E-01,118.397,100.714,98.55%,111.79,,,,,
5.277E-01,118.367,100.629,98.52%,111.70,,,,,
5.308E-01,118.336,100.543,98.50%,111.60,,,,,
5.338E-01,118.304,100.457,98.47%,111.51,,,,,
5.369E-01,118.272,100.371,98.44%,111.41,,,,,
5.400E-01,118.240,100.284,98.42%,111.31,,,,,
5.430E-01,118.208,100.196,98.39%,111.22,,,,,
5.461E-01,118.175,100.108,98.36%,111.12,,,,,
5.492E-01,118.142,100.020,98.34%,111.02,,,,,
5.523E-01,118.109,99.931,98.31%,110.92,,,,,
5.553E-01,118.075,99.841,98.28%,110.82,,,,,
5.584E-01,118.041,99.752,98.25%,110.72,,,,,
5.615E-01,118.006,99.661,98.22%,110.62,,,,,
5.645E-01,117.971,99.571,98.19%,110.52,,,,,
5.676E-01,117.936,99.479,98.16%,110.42,,,,,
5.707E-01,117.901,99.388,98.13%,110.32,,,,,
5.737E-01,117.865,99.296,98.10%,110.22,,,,,
5.768E-01,117.828,99.203,98.07%,110.12,,,,,
5.799E-01,117.792,99.110,98.04%,110.01,,,,,
5.829E-01,117.755,99.017,98.01%,109.91,,,,,
5.860E-01,117.717,98.923,97.98%,109.80,,,,,
5.891E-01,117.679,98.829,97.95%,109.70,,,,,
5.921E-01,117.641,98.734,97.92%,109.59,,,,,
5.952E-01,117.603,98.639,97.89%,109.49,,,,,
5.983E-01,117.564,98.543,97.85%,109.38,,,,,
6.013E-01,117.524,98.447,97.82%,109.28,,,,,
6.044E-01,117.485,98.350,97.79%,109.17,,,,,
6.075E-01,117.445,98.253,97.75%,109.06,,,,,
6.105E-01,117.404,98.156,97.72%,108.95,,,,,
6.136E-01,117.364,98.058,97.69%,108.84,,,,,
6.167E-01,117.322,97.960,97.65%,108.74,,,,,
6.197E-01,117.281,97.861,97.62%,108.63,,,,,
6.228E-01,117.239,97.762,97.58%,108.52,,,,,
6.259E-01,117.197,97.662,97.55%,108.41,,,,,
6.290E-01,117.154,97.562,97.51%,108.29,,,,,
6.320E-01,117.154,97.562,97.51%,108.29,,,,,
6.351E-01,117.111,97.462,97.48%,108.18,,,,,
6.382E-01,117.068,97.361,97.44%,108.07,,,,,
6.412E-01,117.024,97.260,97.40%,107.96,,,,,
6.443E-01,116.979,97.158,97.37%,107.85,,,,,
6.474E-01,116.935,97.056,97.33%,107.73,,,,,
6.504E-01,116.890,96.953,97.29%,107.62,,,,,
6.535E-01,116.844,96.850,97.26%,107.50,,,,,
6.566E-01,116.799,96.747,97.22%,107.39,,,,,
6.596E-01,116.752,96.643,97.18%,107.27,,,,,
6.627E-01,116.706,96.539,97.14%,107.16,,,,,
6.658E-01,116.659,96.434,97.10%,107.04,,,,,
6.688E-01,116.612,96.329,97.06%,106.93,,,,,
6.719E-01,116.564,96.223,97.02%,106.81,,,,,
6.750E-01,116.516,96.117,96.98%,106.69,,,,,
6.780E-01,116.467,96.011,96.94%,106.57,,,,,
6.811E-01,116.418,95.904,96.90%,106.45,,,,,
6.842E-01,116.369,95.797,96.86%,106.33,,,,,
6.872E-01,116.319,95.689,96.82%,106.22,,,,,
6.903E-01,116.269,95.581,96.78%,106.10,,,,,
6.934E-01,116.218,95.473,96.73%,105.97,,,,,
6.965E-01,116.167,95.364,96.69%,105.85,,,,,
6.995E-01,116.116,95.255,96.65%,105.73,,,,,
7.026E-01,116.064,95.145,96.61%,105.61,,,,,
7.057E-01,116.012,95.035,96.56%,105.49,,,,,
7.087E-01,115.959,94.925,96.52%,105.37,,,,,
7.118E-01,115.906,94.814,96.47%,105.24,,,,,
7.149E-01,115.853,94.702,96.43%,105.12,,,,,
7.179E-01,115.799,94.591,96.38%,105.00,,,,,
7.210E-01,115.744,94.479,96.34%,104.87,,,,,
7.241E-01,115.690,94.366,96.29%,104.75,,,,,
7.271E-01,115.635,94.253,96.25%,104.62,,,,,
7.302E-01,115.579,94.140,96.20%,104.50,,,,,
7.333E-01,115.523,94.026,96.16%,104.37,,,,,
7.363E-01,115.467,93.912,96.11%,104.24,,,,,
7.394E-01,115.410,93.797,96.06%,104.12,,,,,
7.425E-01,115.353,93.683,96.01%,103.99,,,,,
7.455E-01,115.295,93.567,95.97%,103.86,,,,,
7.486E-01,115.237,93.452,95.92%,103.73,,,,,
7.517E-01,115.179,93.335,95.87%,103.60,,,,,
7.547E-01,115.120,93.219,95.82%,103.47,,,,,
7.578E-01,115.120,93.219,95.82%,103.47,,,,,
7.609E-01,115.060,93.102,95.77%,103.34,,,,,
7.639E-01,115.001,92.985,95.72%,103.21,,,,,
7.670E-01,114.940,92.867,95.67%,103.08,,,,,
7.701E-01,114.880,92.749,95.62%,102.95,,,,,
7.732E-01,114.819,92.631,95.57%,102.82,,,,,
7.762E-01,114.757,92.512,95.52%,102.69,,,,,
7.793E-01,114.695,92.393,95.47%,102.56,,,,,
7.824E-01,114.633,92.273,95.41%,102.42,,,,,
7.854E-01,114.570,92.153,95.36%,102.29,,,,,
7.885E-01,114.507,92.033,95.31%,102.16,,,,,
7.916E-01,114.444,91.912,95.26%,102.02,,,,,
7.946E-01,114.380,91.791,95.20%,101.89,,,,,
7.977E-01,114.315,91.670,95.15%,101.75,,,,,
8.008E-01,114.250,91.548,95.10%,101.62,,,,,
8.038E-01,114.185,91.426,95.04%,101.48,,,,,
8.069E-01,114.119,91.303,94.99%,101.35,,,,,
8.100E-01,114.053,91.181,94.93%,101.21,,,,,
8.130E-01,113.986,91.057,94.88%,101.07,,,,,
8.161E-01,113.919,90.934,94.82%,100.94,,,,,
8.192E-01,113.852,90.810,94.76%,100.80,,,,,
8.222E-01,113.784,90.685,94.71%,100.66,,,,,
8.253E-01,113.715,90.560,94.65%,100.52,,,,,
8.284E-01,113.646,90.435,94.59%,100.38,,,,,
8.314E-01,113.577,90.310,94.54%,100.24,,,,,
8.345E-01,113.507,90.184,94.48%,100.10,,,,,
8.376E-01,113.437,90.058,94.42%,99.96,,,,,
8.407E-01,113.367,89.931,94.36%,99.82,,,,,
8.437E-01,113.295,89.804,94.30%,99.68,,,,,
8.468E-01,113.224,89.677,94.24%,99.54,,,,,
8.499E-01,113.152,89.550,94.18%,99.40,,,,,
8.529E-01,113.080,89.422,94.12%,99.26,,,,,
8.560E-01,113.007,89.293,94.06%,99.12,,,,,
8.591E-01,112.934,89.165,94.00%,98.97,,,,,
8.621E-01,112.860,89.036,93.94%,98.83,,,,,
8.652E-01,112.786,88.906,93.88%,98.69,,,,,
8.683E-01,112.711,88.776,93.81%,98.54,,,,,
8.713E-01,112.636,88.646,93.75%,98.40,,,,,
8.744E-01,112.560,88.516,93.69%,98.25,,,,,
8.775E-01,112.485,88.385,93.63%,98.11,,,,,
8.805E-01,112.408,88.254,93.56%,97.96,,,,,
8.836E-01,112.408,88.254,93.56%,97.96,,,,,
8.867E-01,112.331,88.123,93.50%,97.82,,,,,
8.897E-01,112.254,87.991,93.43%,97.67,,,,,
8.928E-01,112.176,87.859,93.37%,97.52,,,,,
8.959E-01,112.098,87.726,93.30%,97.38,,,,,
8.989E-01,112.019,87.594,93.24%,97.23,,,,,
9.020E-01,111.940,87.461,93.17%,97.08,,,,,
9.051E-01,111.861,87.327,93.11%,96.93,,,,,
9.081E-01,111.781,87.193,93.04%,96.78,,,,,
9.112E-01,111.700,87.059,92.97%,96.64,,,,,
9.143E-01,111.619,86.925,92.91%,96.49,,,,,
9.174E-01,111.538,86.790,92.84%,96.34,,,,,
9.204E-01,111.456,86.655,92.77%,96.19,,,,,
9.235E-01,111.374,86.520,92.70%,96.04,,,,,
9.266E-01,111.291,86.384,92.63%,95.89,,,,,
9.296E-01,111.208,86.248,92.56%,95.74,,,,,
9.327E-01,111.124,86.112,92.49%,95.58,,,,,
9.358E-01,111.040,85.975,92.42%,95.43,,,,,
9.388E-01,110.956,85.838,92.35%,95.28,,,,,
9.419E-01,110.871,85.701,92.28%,95.13,,,,,
9.450E-01,110.785,85.563,92.21%,94.97,,,,,
9.480E-01,110.699,85.425,92.14%,94.82,,,,,
9.511E-01,110.613,85.287,92.07%,94.67,,,,,
9.542E-01,110.526,85.148,92.00%,94.51,,,,,
9.572E-01,110.439,85.009,91.92%,94.36,,,,,
9.603E-01,110.351,84.870,91.85%,94.21,,,,,
9.634E-01,110.263,84.731,91.78%,94.05,,,,,
9.664E-01,110.174,84.591,91.70%,93.90,,,,,
9.695E-01,110.085,84.451,91.63%,93.74,,,,,
9.726E-01,109.996,84.310,91.55%,93.58,,,,,
9.756E-01,109.906,84.170,91.48%,93.43,,,,,
9.787E-01,109.815,84.029,91.40%,93.27,,,,,
9.818E-01,109.724,83.887,91.33%,93.11,,,,,
9.848E-01,109.633,83.746,91.25%,92.96,,,,,
9.879E-01,109.541,83.604,91.18%,92.80,,,,,
9.910E-01,109.449,83.462,91.10%,92.64,,,,,
9.941E-01,109.356,83.319,91.02%,92.48,,,,,
9.971E-01,109.263,83.176,90.94%,92.33,,,,,
1.000E+00,109.169,83.033,90.87%,92.17,,,,,
1.003E+00,109.075,82.890,90.79%,92.01,,,,,
1.006E+00,108.980,82.746,90.71%,91.85,,,,,
1.009E+00,108.980,82.746,90.71%,91.85,,,,,
1.012E+00,108.885,82.603,90.63%,91.69,,,,,
1.016E+00,108.790,82.458,90.55%,91.53,,,,,
1.019E+00,108.694,82.314,90.47%,91.37,,,,,
1.022E+00,108.597,82.169,90.39%,91.21,,,,,
1.025E+00,108.500,82.024,90.31%,91.05,,,,,
1.028E+00,108.403,81.879,90.23%,90.89,,,,,
1.031E+00,108.305,81.733,90.15%,90.72,,,,,
1.034E+00,108.207,81.587,90.07%,90.56,,,,,
1.037E+00,108.108,81.441,89.98%,90.40,,,,,
1.040E+00,108.009,81.295,89.90%,90.24,,,,,
1.043E+00,107.909,81.148,89.82%,90.07,,,,,
1.046E+00,107.809,81.001,89.73%,89.91,,,,,
1.049E+00,107.709,80.854,89.65%,89.75,,,,,
1.052E+00,107.608,80.706,89.57%,89.58,,,,,
1.055E+00,107.506,80.559,89.48%,89.42,,,,,
1.058E+00,107.404,80.411,89.40%,89.26,,,,,
1.062E+00,107.302,80.262,89.31%,89.09,,,,,
1.065E+00,107.199,80.114,89.23%,88.93,,,,,
1.068E+00,107.096,79.965,89.14%,88.76,,,,,
1.071E+00,106.992,79.816,89.05%,88.60,,,,,
1.074E+00,106.887,79.667,88.97%,88.43,,,,,
1.077E+00,106.783,79.517,88.88%,88.26,,,,,
1.080E+00,106.678,79.367,88.79%,88.10,,,,,
1.083E+00,106.572,79.217,88.70%,87.93,,,,,
1.086E+00,106.466,79.067,88.62%,87.76,,,,,
1.089E+00,106.359,78.916,88.53%,87.60,,,,,
1.092E+00,106.252,78.765,88.44%,87.43,,,,,
1.095E+00,106.145,78.614,88.35%,87.26,,,,,
1.098E+00,106.037,78.463,88.26%,87.09,,,,,
1.101E+00,105.929,78.311,88.17%,86.93,,,,,
1.105E+00,105.820,78.160,88.08%,86.76,,,,,
1.108E+00,105.711,78.008,87.99%,86.59,,,,,
1.111E+00,105.601,77.855,87.90%,86.42,,,,,
1.114E+00,105.491,77.703,87.80%,86.25,,,,,
1.117E+00,105.380,77.550,87.71%,86.08,,,,,
1.120E+00,105.269,77.397,87.62%,85.91,,,,,
1.123E+00,105.157,77.244,87.53%,85.74,,,,,
1.126E+00,105.045,77.090,87.43%,85.57,,,,,
1.129E+00,104.933,76.937,87.34%,85.40,,,,,
1.132E+00,104.820,76.783,87.25%,85.23,,,,,
1.135E+00,104.820,76.783,87.25%,85.23,,,,,
1.138E+00,104.707,76.629,87.15%,85.06,,,,,
1.141E+00,104.593,76.474,87.06%,84.89,,,,,
1.144E+00,104.478,76.320,86.96%,84.72,,,,,
1.147E+00,104.364,76.165,86.87%,84.54,,,,,
1.151E+00,104.249,76.010,86.77%,84.37,,,,,
1.154E+00,104.133,75.855,86.67%,84.20,,,,,
1.157E+00,104.017,75.699,86.58%,84.03,,,,,
1.160E+00,103.900,75.544,86.48%,83.85,,,,,
1.163E+00,103.783,75.388,86.38%,83.68,,,,,
1.166E+00,103.666,75.232,86.29%,83.51,,,,,
1.169E+00,103.548,75.075,86.19%,83.33,,,,,
1.172E+00,103.430,74.919,86.09%,83.16,,,,,
1.175E+00,103.311,74.762,85.99%,82.99,,,,,
1.178E+00,103.191,74.605,85.89%,82.81,,,,,
1.181E+00,103.072,74.448,85.79%,82.64,,,,,
1.184E+00,102.952,74.291,85.69%,82.46,,,,,
1.187E+00,102.831,74.133,85.59%,82.29,,,,,
1.190E+00,102.710,73.975,85.49%,82.11,,,,,
1.193E+00,102.588,73.817,85.39%,81.94,,,,,
1.197E+00,102.466,73.659,85.29%,81.76,,,,,
1.200E+00,102.344,73.501,85.19%,81.59,,,,,
1.203E+00,102.221,73.342,85.08%,81.41,,,,,
1.206E+00,102.098,73.184,84.98%,81.23,,,,,
1.209E+00,101.974,73.025,84.88%,81.06,,,,,
1.212E+00,101.850,72.866,84.77%,80.88,,,,,
1.215E+00,101.725,72.706,84.67%,80.70,,,,,
1.218E+00,101.600,72.547,84.57%,80.53,,,,,
1.221E+00,101.475,72.387,84.46%,80.35,,,,,
1.224E+00,101.349,72.228,84.36%,80.17,,,,,
1.227E+00,101.222,72.067,84.25%,79.99,,,,,
1.230E+00,101.096,71.907,84.15%,79.82,,,,,
1.233E+00,100.968,71.747,84.04%,79.64,,,,,
1.236E+00,100.841,71.586,83.93%,79.46,,,,,
1.239E+00,100.712,71.426,83.83%,79.28,,,,,
1.243E+00,100.584,71.265,83.72%,79.10,,,,,
1.246E+00,100.455,71.104,83.61%,78.93,,,,,
1.249E+00,100.325,70.942,83.51%,78.75,,,,,
1.252E+00,100.195,70.781,83.40%,78.57,,,,,
1.255E+00,100.065,70.619,83.29%,78.39,,,,,
1.258E+00,99.934,70.458,83.18%,78.21,,,,,
1.261E+00,99.934,70.458,83.18%,78.21,,,,,
1.264E+00,99.803,70.296,83.07%,78.03,,,,,
1.267E+00,99.671,70.134,82.96%,77.85,,,,,
1.270E+00,99.539,69.971,82.85%,77.67,,,,,
1.273E+00,99.406,69.809,82.74%,77.49,,,,,
1.276E+00,99.273,69.647,82.63%,77.31,,,,,
1.279E+00,99.140,69.484,82.52%,77.13,,,,,
1.282E+00,99.006,69.321,82.41%,76.95,,,,,
1.286E+00,98.872,69.158,82.30%,76.77,,,,,
1.289E+00,98.737,68.995,82.18%,76.58,,,,,
1.292E+00,98.602,68.831,82.07%,76.40,,,,,
1.295E+00,98.466,68.668,81.96%,76.22,,,,,
1.298E+00,98.330,68.504,81.85%,76.04,,,,,
1.301E+00,98.194,68.341,81.73%,75.86,,,,,
1.304E+00,98.057,68.177,81.62%,75.68,,,,,
1.307E+00,97.920,68.013,81.50%,75.49,,,,,
1.310E+00,97.782,67.849,81.39%,75.31,,,,,
1.313E+00,97.644,67.684,81.27%,75.13,,,,,
1.316E+00,97.505,67.520,81.16%,74.95,,,,,
1.319E+00,97.366,67.355,81.04%,74.76,,,,,
1.322E+00,97.227,67.191,80.93%,74.58,,,,,
1.325E+00,97.087,67.026,80.81%,74.40,,,,,
1.328E+00,96.947,66.861,80.69%,74.22,,,,,
1.332E+00,96.806,66.696,80.58%,74.03,,,,,
1.335E+00,96.665,66.530,80.46%,73.85,,,,,
1.338E+00,96.524,66.365,80.34%,73.67,,,,,
1.341E+00,96.382,66.200,80.22%,73.48,,,,,
1.344E+00,96.239,66.034,80.10%,73.30,,,,,
1.347E+00,96.096,65.868,79.99%,73.11,,,,,
1.350E+00,95.953,65.702,79.87%,72.93,,,,,
1.353E+00,95.810,65.536,79.75%,72.75,,,,,
1.356E+00,95.666,65.370,79.63%,72.56,,,,,
1.359E+00,95.521,65.204,79.51%,72.38,,,,,
1.362E+00,95.376,65.038,79.39%,72.19,,,,,
1.365E+00,95.231,64.871,79.27%,72.01,,,,,
1.368E+00,95.085,64.705,79.14%,71.82,,,,,
1.371E+00,94.939,64.538,79.02%,71.64,,,,,
1.374E+00,94.793,64.372,78.90%,71.45,,,,,
1.378E+00,94.646,64.205,78.78%,71.27,,,,,
1.381E+00,94.498,64.038,78.66%,71.08,,,,,
1.384E+00,94.351,63.871,78.53%,70.90,,,,,
1.387E+00,94.351,63.871,78.53%,70.90,,,,,
1.390E+00,94.203,63.704,78.41%,70.71,,,,,
1.393E+00,94.054,63.536,78.29%,70.53,,,,,
1.396E+00,93.905,63.369,78.16%,70.34,,,,,
1.399E+00,93.756,63.202,78.04%,70.15,,,,,
1.402E+00,93.606,63.034,77.91%,69.97,,,,,
1.405E+00,93.456,62.867,77.79%,69.78,,,,,
1.408E+00,93.305,62.699,77.66%,69.60,,,,,
1.411E+00,93.154,62.531,77.54%,69.41,,,,,
1.414E+00,93.003,62.363,77.41%,69.22,,,,,
1.417E+00,92.851,62.195,77.28%,69.04,,,,,
1.421E+00,92.699,62.027,77.16%,68.85,,,,,
1.424E+00,92.546,61.859,77.03%,68.66,,,,,
1.427E+00,92.393,61.691,76.90%,68.48,,,,,
1.430E+00,92.240,61.523,76.78%,68.29,,,,,
1.433E+00,92.086,61.354,76.65%,68.10,,,,,
1.436E+00,91.932,61.186,76.52%,67.92,,,,,
1.439E+00,91.778,61.017,76.39%,67.73,,,,,
1.442E+00,91.623,60.849,76.26%,67.54,,,,,
1.445E+00,91.467,60.680,76.13%,67.36,,,,,
1.448E+00,91.312,60.512,76.00%,67.17,,,,,
1.451E+00,91.156,60.343,75.87%,66.98,,,,,
1.454E+00,90.999,60.174,75.74%,66.79,,,,,
1.457E+00,90.842,60.005,75.61%,66.61,,,,,
1.460E+00,90.685,59.836,75.48%,66.42,,,,,
1.463E+00,90.528,59.667,75.35%,66.23,,,,,
1.467E+00,90.370,59.498,75.22%,66.04,,,,,
1.470E+00,90.211,59.329,75.09%,65.86,,,,,
1.473E+00,90.052,59.160,74.95%,65.67,,,,,
1.476E+00,89.893,58.991,74.82%,65.48,,,,,
1.479E+00,89.734,58.821,74.69%,65.29,,,,,
1.482E+00,89.574,58.652,74.56%,65.10,,,,,
1.485E+00,89.414,58.483,74.42%,64.92,,,,,
1.488E+00,89.253,58.313,74.29%,64.73,,,,,
1.491E+00,89.092,58.144,74.16%,64.54,,,,,
1.494E+00,88.931,57.974,74.02%,64.35,,,,,
1.497E+00,88.769,57.805,73.89%,64.16,,,,,
1.500E+00,88.607,57.635,73.75%,63.98,,,,,
1.503E+00,88.444,57.466,73.62%,63.79,,,,,
1.506E+00,88.281,57.296,73.48%,63.60,,,,,
1.509E+00,88.118,57.126,73.34%,63.41,,,,,
1.513E+00,88.118,57.126,73.34%,63.41,,,,,
1.516E+00,87.955,56.957,73.21%,63.22,,,,,
1.519E+00,87.791,56.787,73.07%,63.03,,,,,
1.522E+00,87.626,56.617,72.94%,62.84,,,,,
1.525E+00,87.462,56.447,72.80%,62.66,,,,,
1.528E+00,87.297,56.277,72.66%,62.47,,,,,
1.531E+00,87.131,56.108,72.52%,62.28,,,,,
1.534E+00,86.966,55.938,72.39%,62.09,,,,,
1.537E+00,86.799,55.768,72.25%,61.90,,,,,
1.540E+00,86.633,55.598,72.11%,61.71,,,,,
1.543E+00,86.466,55.428,71.97%,61.53,,,,,
1.546E+00,86.299,55.258,71.83%,61.34,,,,,
1.549E+00,86.132,55.088,71.69%,61.15,,,,,
1.552E+00,85.964,54.918,71.55%,60.96,,,,,
1.556E+00,85.795,54.748,71.41%,60.77,,,,,
1.559E+00,85.627,54.578,71.27%,60.58,,,,,
1.562E+00,85.458,54.408,71.13%,60.39,,,,,
1.565E+00,85.289,54.238,70.99%,60.20,,,,,
1.568E+00,85.119,54.068,70.85%,60.02,,,,,
1.571E+00,84.949,53.898,70.71%,59.83,,,,,
1.574E+00,84.779,53.728,70.57%,59.64,,,,,
1.577E+00,84.608,53.558,70.42%,59.45,,,,,
1.580E+00,84.437,53.388,70.28%,59.26,,,,,
1.583E+00,84.266,53.218,70.14%,59.07,,,,,
1.586E+00,84.095,53.048,70.00%,58.88,,,,,
1.589E+00,83.923,52.878,69.85%,58.69,,,,,
1.592E+00,83.750,52.708,69.71%,58.51,,,,,
1.595E+00,83.578,52.538,69.57%,58.32,,,,,
1.598E+00,83.405,52.368,69.42%,58.13,,,,,
1.602E+00,83.231,52.199,69.28%,57.94,,,,,
1.605E+00,83.058,52.029,69.13%,57.75,,,,,
1.608E+00,82.884,51.859,68.99%,57.56,,,,,
1.611E+00,82.710,51.689,68.84%,57.37,,,,,
1.614E+00,82.535,51.519,68.70%,57.19,,,,,
1.617E+00,82.360,51.349,68.55%,57.00,,,,,
1.620E+00,82.185,51.179,68.41%,56.81,,,,,
1.623E+00,82.009,51.010,68.26%,56.62,,,,,
1.626E+00,81.834,50.840,68.11%,56.43,,,,,
1.629E+00,81.657,50.670,67.97%,56.24,,,,,
1.632E+00,81.481,50.500,67.82%,56.06,,,,,
1.635E+00,81.304,50.331,67.67%,55.87,,,,,
1.638E+00,81.304,50.331,67.67%,55.87,,,,,
1.641E+00,81.127,50.161,67.53%,55.68,,,,,
1.644E+00,80.950,49.992,67.38%,55.49,,,,,
1.648E+00,80.772,49.822,67.23%,55.30,,,,,
1.651E+00,80.594,49.653,67.08%,55.11,,,,,
1.654E+00,80.415,49.483,66.93%,54.93,,,,,
1.657E+00,80.237,49.314,66.78%,54.74,,,,,
1.660E+00,80.058,49.144,66.64%,54.55,,,,,
1.663E+00,79.879,48.975,66.49%,54.36,,,,,
1.666E+00,79.699,48.806,66.34%,54.17,,,,,
1.669E+00,79.519,48.637,66.19%,53.99,,,,,
1.672E+00,79.339,48.467,66.04%,53.80,,,,,
1.675E+00,79.159,48.298,65.89%,53.61,,,,,
1.678E+00,78.978,48.129,65.74%,53.42,,,,,
1.681E+00,78.797,47.960,65.59%,53.24,,,,,
1.684E+00,78.616,47.791,65.44%,53.05,,,,,
1.687E+00,78.434,47.622,65.28%,52.86,,,,,
1.691E+00,78.252,47.454,65.13%,52.67,,,,,
1.694E+00,78.070,47.285,64.98%,52.49,,,,,
1.697E+00,77.887,47.116,64.83%,52.30,,,,,
1.700E+00,77.705,46.948,64.68%,52.11,,,,,
1.703E+00,77.522,46.779,64.52%,51.92,,,,,
1.706E+00,77.338,46.610,64.37%,51.74,,,,,
1.709E+00,77.155,46.442,64.22%,51.55,,,,,
1.712E+00,76.971,46.274,64.07%,51.36,,,,,
1.715E+00,76.787,46.105,63.91%,51.18,,,,,
1.718E+00,76.602,45.937,63.76%,50.99,,,,,
1.721E+00,76.418,45.769,63.61%,50.80,,,,,
1.724E+00,76.233,45.601,63.45%,50.62,,,,,
1.727E+00,76.048,45.433,63.30%,50.43,,,,,
1.730E+00,75.862,45.265,63.14%,50.24,,,,,
1.733E+00,75.676,45.098,62.99%,50.06,,,,,
1.737E+00,75.490,44.930,62.83%,49.87,,,,,
1.740E+00,75.304,44.762,62.68%,49.69,,,,,
1.743E+00,75.117,44.595,62.52%,49.50,,,,,
1.746E+00,74.931,44.427,62.37%,49.31,,,,,
1.749E+00,74.744,44.260,62.21%,49.13,,,,,
1.752E+00,74.556,44.093,62.06%,48.94,,,,,
1.755E+00,74.369,43.926,61.90%,48.76,,,,,
1.758E+00,74.181,43.759,61.74%,48.57,,,,,
1.761E+00,73.993,43.592,61.59%,48.39,,,,,
1.764E+00,73.993,43.592,61.59%,48.39,,,,,
1.767E+00,73.805,43.425,61.43%,48.20,,,,,
1.770E+00,73.616,43.258,61.27%,48.02,,,,,
1.773E+00,73.427,43.092,61.12%,47.83,,,,,
1.776E+00,73.238,42.925,60.96%,47.65,,,,,
1.779E+00,73.049,42.759,60.80%,47.46,,,,,
1.783E+00,72.859,42.592,60.64%,47.28,,,,,
1.786E+00,72.670,42.426,60.49%,47.09,,,,,
1.789E+00,72.479,42.260,60.33%,46.91,,,,,
1.792E+00,72.289,42.094,60.17%,46.72,,,,,
1.795E+00,72.099,41.928,60.01%,46.54,,,,,
1.798E+00,71.908,41.763,59.85%,46.36,,,,,
1.801E+00,71.717,41.597,59.69%,46.17,,,,,
1.804E+00,71.526,41.431,59.53%,45.99,,,,,
1.807E+00,71.335,41.266,59.38%,45.81,,,,,
1.810E+00,71.143,41.101,59.22%,45.62,,,,,
1.813E+00,70.951,40.936,59.06%,45.44,,,,,
1.816E+00,70.759,40.771,58.90%,45.26,,,,,
1.819E+00,70.567,40.606,58.74%,45.07,,,,,
1.822E+00,70.374,40.441,58.58%,44.89,,,,,
1.826E+00,70.182,40.277,58.42%,44.71,,,,,
1.829E+00,69.989,40.112,58.25%,44.52,,,,,
1.832E+00,69.795,39.948,58.09%,44.34,,,,,
1.835E+00,69.602,39.784,57.93%,44.16,,,,,
1.838E+00,69.409,39.620,57.77%,43.98,,,,,
1.841E+00,69.215,39.456,57.61%,43.80,,,,,
1.844E+00,69.021,39.292,57.45%,43.61,,,,,
1.847E+00,68.827,39.128,57.29%,43.43,,,,,
1.850E+00,68.632,38.965,57.13%,43.25,,,,,
1.853E+00,68.438,38.802,56.96%,43.07,,,,,
1.856E+00,68.243,38.639,56.80%,42.89,,,,,
1.859E+00,68.048,38.475,56.64%,42.71,,,,,
1.862E+00,67.853,38.313,56.48%,42.53,,,,,
1.865E+00,67.657,38.150,56.31%,42.35,,,,,
1.868E+00,67.462,37.987,56.15%,42.17,,,,,
1.872E+00,67.266,37.825,55.99%,41.99,,,,,
1.875E+00,67.070,37.663,55.83%,41.81,,,,,
1.878E+00,66.874,37.501,55.66%,41.63,,,,,
1.881E+00,66.678,37.339,55.50%,41.45,,,,,
1.884E+00,66.481,37.177,55.34%,41.27,,,,,
1.887E+00,66.285,37.015,55.17%,41.09,,,,,
1.890E+00,66.285,37.015,55.17%,41.09,,,,,
1.893E+00,66.088,36.854,55.01%,40.91,,,,,
1.896E+00,65.891,36.693,54.84%,40.73,,,,,
1.899E+00,65.694,36.532,54.68%,40.55,,,,,
1.902E+00,65.496,36.371,54.52%,40.37,,,,,
1.905E+00,65.299,36.210,54.35%,40.19,,,,,
1.908E+00,65.101,36.050,54.19%,40.01,,,,,
1.911E+00,64.903,35.889,54.02%,39.84,,,,,
1.914E+00,64.705,35.729,53.86%,39.66,,,,,
1.918E+00,64.507,35.569,53.69%,39.48,,,,,
1.921E+00,64.309,35.409,53.53%,39.30,,,,,
1.924E+00,64.110,35.249,53.36%,39.13,,,,,
1.927E+00,63.912,35.090,53.20%,38.95,,,,,
1.930E+00,63.713,34.931,53.03%,38.77,,,,,
1.933E+00,63.514,34.772,52.87%,38.60,,,,,
1.936E+00,63.315,34.613,52.70%,38.42,,,,,
1.939E+00,63.116,34.454,52.53%,38.24,,,,,
1.942E+00,62.916,34.295,52.37%,38.07,,,,,
1.945E+00,62.717,34.137,52.20%,37.89,,,,,
1.948E+00,62.517,33.979,52.04%,37.72,,,,,
1.951E+00,62.317,33.821,51.87%,37.54,,,,,
1.954E+00,62.117,33.663,51.70%,37.37,,,,,
1.957E+00,61.917,33.506,51.54%,37.19,,,,,
1.960E+00,61.717,33.348,51.37%,37.02,,,,,
1.964E+00,61.516,33.191,51.20%,36.84,,,,,
1.967E+00,61.316,33.034,51.04%,36.67,,,,,
1.970E+00,61.115,32.878,50.87%,36.49,,,,,
1.973E+00,60.915,32.721,50.70%,36.32,,,,,
1.976E+00,60.714,32.565,50.53%,36.15,,,,,
1.979E+00,60.513,32.409,50.37%,35.97,,,,,
1.982E+00,60.312,32.253,50.20%,35.80,,,,,
1.985E+00,60.110,32.097,50.03%,35.63,,,,,
1.988E+00,59.909,31.942,49.87%,35.46,,,,,
1.991E+00,59.708,31.786,49.70%,35.28,,,,,
1.994E+00,59.506,31.631,49.53%,35.11,,,,,
1.997E+00,59.304,31.477,49.36%,34.94,,,,,
2.000E+00,59.102,31.322,49.19%,34.77,,,,,
2.003E+00,58.901,31.168,49.03%,34.60,,,,,
2.007E+00,58.699,31.014,48.86%,34.43,,,,,
2.010E+00,58.496,30.860,48.69%,34.25,,,,,
2.013E+00,58.294,30.706,48.52%,34.08,,,,,
2.016E+00,58.294,30.706,48.52%,34.08,,,,,
2.019E+00,58.092,30.553,48.35%,33.91,,,,,
2.022E+00,57.890,30.399,48.18%,33.74,,,,,
2.025E+00,57.687,30.246,48.02%,33.57,,,,,
2.028E+00,57.484,30.094,47.85%,33.40,,,,,
2.031E+00,57.282,29.941,47.68%,33.23,,,,,
2.034E+00,57.079,29.789,47.51%,33.07,,,,,
2.037E+00,56.876,29.637,47.34%,32.90,,,,,
2.040E+00,56.673,29.485,47.17%,32.73,,,,,
2.043E+00,56.470,29.333,47.00%,32.56,,,,,
2.046E+00,56.267,29.182,46.83%,32.39,,,,,
2.049E+00,56.064,29.031,46.66%,32.22,,,,,
2.053E+00,55.861,28.880,46.50%,32.06,,,,,
2.056E+00,55.657,28.730,46.33%,31.89,,,,,
2.059E+00,55.454,28.579,46.16%,31.72,,,,,
2.062E+00,55.251,28.429,45.99%,31.56,,,,,
2.065E+00,55.047,28.279,45.82%,31.39,,,,,
2.068E+00,54.844,28.130,45.65%,31.22,,,,,
2.071E+00,54.640,27.981,45.48%,31.06,,,,,
2.074E+00,54.436,27.831,45.31%,30.89,,,,,
2.077E+00,54.232,27.683,45.14%,30.73,,,,,
2.080E+00,54.029,27.534,44.97%,30.56,,,,,
2.083E+00,53.825,27.386,44.80%,30.40,,,,,
2.086E+00,53.621,27.238,44.63%,30.23,,,,,
2.089E+00,53.417,27.090,44.46%,30.07,,,,,
2.092E+00,53.213,26.943,44.29%,29.91,,,,,
2.095E+00,53.009,26.795,44.12%,29.74,,,,,
2.099E+00,52.805,26.648,43.95%,29.58,,,,,
2.102E+00,52.601,26.502,43.78%,29.42,,,,,
2.105E+00,52.396,26.355,43.61%,29.25,,,,,
2.108E+00,52.192,26.209,43.44%,29.09,,,,,
2.111E+00,51.988,26.063,43.27%,28.93,,,,,
2.114E+00,51.784,25.918,43.10%,28.77,,,,,
2.117E+00,51.579,25.772,42.93%,28.61,,,,,
2.120E+00,51.375,25.627,42.76%,28.45,,,,,
2.123E+00,51.171,25.483,42.59%,28.29,,,,,
2.126E+00,50.966,25.338,42.42%,28.13,,,,,
2.129E+00,50.762,25.194,42.25%,27.97,,,,,
2.132E+00,50.558,25.050,42.08%,27.81,,,,,
2.135E+00,50.353,24.906,41.91%,27.65,,,,,
2.138E+00,50.149,24.763,41.74%,27.49,,,,,
2.142E+00,50.149,24.763,41.74%,27.49,,,,,
2.145E+00,49.944,24.620,41.57%,27.33,,,,,
2.148E+00,49.740,24.477,41.40%,27.17,,,,,
2.151E+00,49.535,24.335,41.23%,27.01,,,,,
2.154E+00,49.331,24.193,41.06%,26.85,,,,,
2.157E+00,49.126,24.051,40.89%,26.70,,,,,
2.160E+00,48.922,23.909,40.72%,26.54,,,,,
2.163E+00,48.717,23.768,40.55%,26.38,,,,,
2.166E+00,48.513,23.627,40.38%,26.23,,,,,
2.169E+00,48.309,23.486,40.21%,26.07,,,,,
2.172E+00,48.104,23.346,40.04%,25.91,,,,,
2.175E+00,47.900,23.206,39.87%,25.76,,,,,
2.178E+00,47.695,23.066,39.70%,25.60,,,,,
2.181E+00,47.491,22.926,39.53%,25.45,,,,,
2.184E+00,47.286,22.787,39.36%,25.29,,,,,
2.188E+00,47.082,22.648,39.19%,25.14,,,,,
2.191E+00,46.878,22.510,39.02%,24.99,,,,,
2.194E+00,46.673,22.371,38.85%,24.83,,,,,
2.197E+00,46.469,22.234,38.68%,24.68,,,,,
2.200E+00,46.265,22.096,38.51%,24.53,,,,,
2.203E+00,46.061,21.959,38.34%,24.37,,,,,
2.206E+00,45.856,21.822,38.17%,24.22,,,,,
2.209E+00,45.652,21.685,38.00%,24.07,,,,,
2.212E+00,45.448,21.549,37.83%,23.92,,,,,
2.215E+00,45.244,21.412,37.66%,23.77,,,,,
2.218E+00,45.040,21.277,37.49%,23.62,,,,,
2.221E+00,44.836,21.141,37.32%,23.47,,,,,
2.224E+00,44.632,21.006,37.15%,23.32,,,,,
2.227E+00,44.428,20.872,36.98%,23.17,,,,,
2.230E+00,44.225,20.737,36.81%,23.02,,,,,
2.234E+00,44.021,20.603,36.64%,22.87,,,,,
2.237E+00,43.817,20.469,36.47%,22.72,,,,,
2.240E+00,43.613,20.336,36.30%,22.57,,,,,
2.243E+00,43.410,20.203,36.13%,22.43,,,,,
2.246E+00,43.206,20.070,35.96%,22.28,,,,,
2.249E+00,43.003,19.938,35.79%,22.13,,,,,
2.252E+00,42.800,19.805,35.62%,21.98,,,,,
2.255E+00,42.596,19.674,35.45%,21.84,,,,,
2.258E+00,42.393,19.542,35.29%,21.69,,,,,
2.261E+00,42.190,19.411,35.12%,21.55,,,,,
2.264E+00,41.987,19.280,34.95%,21.40,,,,,
2.267E+00,41.987,19.280,34.95%,21.40,,,,,
2.270E+00,41.784,19.150,34.78%,21.26,,,,,
2.273E+00,41.581,19.020,34.61%,21.11,,,,,
2.277E+00,41.378,18.890,34.44%,20.97,,,,,
2.280E+00,41.175,18.761,34.27%,20.82,,,,,
2.283E+00,40.973,18.632,34.10%,20.68,,,,,
2.286E+00,40.770,18.503,33.93%,20.54,,,,,
2.289E+00,40.568,18.375,33.77%,20.40,,,,,
2.292E+00,40.365,18.247,33.60%,20.25,,,,,
2.295E+00,40.163,18.119,33.43%,20.11,,,,,
2.298E+00,39.961,17.992,33.26%,19.97,,,,,
2.301E+00,39.759,17.865,33.09%,19.83,,,,,
2.304E+00,39.557,17.739,32.93%,19.69,,,,,
2.307E+00,39.355,17.612,32.76%,19.55,,,,,
2.310E+00,39.154,17.487,32.59%,19.41,,,,,
2.313E+00,38.952,17.361,32.42%,19.27,,,,,
2.316E+00,38.751,17.236,32.25%,19.13,,,,,
2.319E+00,38.549,17.111,32.09%,18.99,,,,,
2.323E+00,38.348,16.987,31.92%,18.86,,,,,
2.326E+00,38.147,16.863,31.75%,18.72,,,,,
2.329E+00,37.946,16.739,31.58%,18.58,,,,,
2.332E+00,37.745,16.616,31.42%,18.44,,,,,
2.335E+00,37.545,16.493,31.25%,18.31,,,,,
2.338E+00,37.344,16.370,31.08%,18.17,,,,,
2.341E+00,37.144,16.248,30.92%,18.04,,,,,
2.344E+00,36.944,16.126,30.75%,17.90,,,,,
2.347E+00,36.743,16.005,30.58%,17.77,,,,,
2.350E+00,36.543,15.884,30.42%,17.63,,,,,
2.353E+00,36.344,15.763,30.25%,17.50,,,,,
2.356E+00,36.144,15.643,30.08%,17.36,,,,,
2.359E+00,35.944,15.523,29.92%,17.23,,,,,
2.362E+00,35.745,15.404,29.75%,17.10,,,,,
2.365E+00,35.546,15.284,29.59%,16.97,,,,,
2.369E+00,35.347,15.166,29.42%,16.83,,,,,
2.372E+00,35.148,15.047,29.26%,16.70,,,,,
2.375E+00,34.949,14.929,29.09%,16.57,,,,,
2.378E+00,34.751,14.812,28.92%,16.44,,,,,
2.381E+00,34.553,14.694,28.76%,16.31,,,,,
2.384E+00,34.354,14.577,28.59%,16.18,,,,,
2.387E+00,34.156,14.461,28.43%,16.05,,,,,
2.390E+00,33.959,14.345,28.27%,15.92,,,,,
2.393E+00,33.959,14.345,28.27%,15.92,,,,,
2.396E+00,33.761,14.229,28.10%,15.79,,,,,
2.399E+00,33.563,14.114,27.94%,15.67,,,,,
2.402E+00,33.366,13.999,27.77%,15.54,,,,,
2.405E+00,33.169,13.885,27.61%,15.41,,,,,
2.408E+00,32.972,13.770,27.44%,15.29,,,,,
2.412E+00,32.776,13.657,27.28%,15.16,,,,,
2.415E+00,32.579,13.543,27.12%,15.03,,,,,
2.418E+00,32.383,13.430,26.95%,14.91,,,,,
2.421E+00,32.187,13.318,26.79%,14.78,,,,,
2.424E+00,31.991,13.206,26.63%,14.66,,,,,
2.427E+00,31.795,13.094,26.46%,14.53,,,,,
2.430E+00,31.600,12.983,26.30%,14.41,,,,,
2.433E+00,31.405,12.872,26.14%,14.29,,,,,
2.436E+00,31.210,12.761,25.98%,14.17,,,,,
2.439E+00,31.015,12.651,25.82%,14.04,,,,,
2.442E+00,30.820,12.542,25.65%,13.92,,,,,
2.445E+00,30.626,12.432,25.49%,13.80,,,,,
2.448E+00,30.432,12.323,25.33%,13.68,,,,,
2.451E+00,30.238,12.215,25.17%,13.56,,,,,
2.454E+00,30.044,12.107,25.01%,13.44,,,,,
2.458E+00,29.851,11.999,24.85%,13.32,,,,,
2.461E+00,29.658,11.892,24.69%,13.20,,,,,
2.464E+00,29.465,11.785,24.53%,13.08,,,,,
2.467E+00,29.272,11.679,24.36%,12.96,,,,,
2.470E+00,29.080,11.573,24.20%,12.85,,,,,
2.473E+00,28.888,11.467,24.04%,12.73,,,,,
2.476E+00,28.696,11.362,23.88%,12.61,,,,,
2.479E+00,28.504,11.258,23.73%,12.50,,,,,
2.482E+00,28.313,11.153,23.57%,12.38,,,,,
2.485E+00,28.122,11.049,23.41%,12.26,,,,,
2.488E+00,27.931,10.946,23.25%,12.15,,,,,
2.491E+00,27.740,10.843,23.09%,12.04,,,,,
2.494E+00,27.550,10.740,22.93%,11.92,,,,,
2.497E+00,27.360,10.638,22.77%,11.81,,,,,
2.500E+00,27.170,10.537,22.61%,11.70,,,,,
2.504E+00,26.980,10.435,22.46%,11.58,,,,,
2.507E+00,26.791,10.334,22.30%,11.47,,,,,
2.510E+00,26.602,10.234,22.14%,11.36,,,,,
2.513E+00,26.414,10.134,21.99%,11.25,,,,,
2.516E+00,26.225,10.034,21.83%,11.14,,,,,
2.519E+00,26.225,10.034,21.83%,11.14,,,,,
2.522E+00,26.037,9.935,21.67%,11.03,,,,,
2.525E+00,25.849,9.837,21.52%,10.92,,,,,
2.528E+00,25.662,9.738,21.36%,10.81,,,,,
2.531E+00,25.475,9.640,21.20%,10.70,,,,,
2.534E+00,25.288,9.543,21.05%,10.59,,,,,
2.537E+00,25.101,9.446,20.89%,10.49,,,,,
2.540E+00,24.915,9.350,20.74%,10.38,,,,,
2.543E+00,24.729,9.253,20.58%,10.27,,,,,
2.546E+00,24.543,9.158,20.43%,10.17,,,,,
2.550E+00,24.358,9.063,20.27%,10.06,,,,,
2.553E+00,24.173,8.968,20.12%,9.95,,,,,
2.556E+00,23.988,8.874,19.97%,9.85,,,,,
2.559E+00,23.804,8.780,19.81%,9.75,,,,,
2.562E+00,23.620,8.686,19.66%,9.64,,,,,
2.565E+00,23.436,8.593,19.51%,9.54,,,,,
2.568E+00,23.253,8.501,19.35%,9.44,,,,,
2.571E+00,23.070,8.409,19.20%,9.33,,,,,
2.574E+00,22.887,8.317,19.05%,9.23,,,,,
2.577E+00,22.705,8.226,18.90%,9.13,,,,,
2.580E+00,22.523,8.135,18.75%,9.03,,,,,
2.583E+00,22.341,8.045,18.60%,8.93,,,,,
2.586E+00,22.160,7.955,18.44%,8.83,,,,,
2.589E+00,21.979,7.866,18.29%,8.73,,,,,
2.593E+00,21.799,7.777,18.14%,8.63,,,,,
2.596E+00,21.618,7.688,17.99%,8.53,,,,,
2.599E+00,21.439,7.600,17.84%,8.44,,,,,
2.602E+00,21.259,7.513,17.70%,8.34,,,,,
2.605E+00,21.080,7.426,17.55%,8.24,,,,,
2.608E+00,20.901,7.339,17.40%,8.15,,,,,
2.611E+00,20.723,7.253,17.25%,8.05,,,,,
2.614E+00,20.545,7.167,17.10%,7.96,,,,,
2.617E+00,20.368,7.082,16.95%,7.86,,,,,
2.620E+00,20.190,6.997,16.81%,7.77,,,,,
2.623E+00,20.014,6.913,16.66%,7.67,,,,,
2.626E+00,19.837,6.829,16.51%,7.58,,,,,
2.629E+00,19.661,6.746,16.36%,7.49,,,,,
2.632E+00,19.486,6.663,16.22%,7.40,,,,,
2.635E+00,19.310,6.580,16.07%,7.30,,,,,
2.639E+00,19.136,6.498,15.93%,7.21,,,,,
2.642E+00,18.961,6.417,15.78%,7.12,,,,,
2.645E+00,18.961,6.417,15.78%,7.12,,,,,
2.648E+00,18.787,6.336,15.64%,7.03,,,,,
2.651E+00,18.614,6.255,15.49%,6.94,,,,,
2.654E+00,18.441,6.175,15.35%,6.85,,,,,
2.657E+00,18.268,6.096,15.21%,6.77,,,,,
2.660E+00,18.096,6.017,15.06%,6.68,,,,,
2.663E+00,17.924,5.938,14.92%,6.59,,,,,
2.666E+00,17.753,5.860,14.78%,6.50,,,,,
2.669E+00,17.582,5.782,14.63%,6.42,,,,,
2.672E+00,17.411,5.705,14.49%,6.33,,,,,
2.675E+00,17.241,5.628,14.35%,6.25,,,,,
2.678E+00,17.071,5.552,14.21%,6.16,,,,,
2.681E+00,16.902,5.476,14.07%,6.08,,,,,
2.685E+00,16.733,5.400,13.93%,5.99,,,,,
2.688E+00,16.565,5.326,13.79%,5.91,,,,,
2.691E+00,16.397,5.251,13.65%,5.83,,,,,
2.694E+00,16.230,5.177,13.51%,5.75,,,,,
2.697E+00,16.063,5.104,13.37%,5.67,,,,,
2.700E+00,15.896,5.031,13.23%,5.58,,,,,
2.703E+00,15.730,4.959,13.09%,5.50,,,,,
2.706E+00,15.565,4.887,12.96%,5.42,,,,,
2.709E+00,15.400,4.815,12.82%,5.34,,,,,
2.712E+00,15.235,4.744,12.68%,5.27,,,,,
2.715E+00,15.071,4.674,12.54%,5.19,,,,,
2.718E+00,14.908,4.604,12.41%,5.11,,,,,
2.721E+00,14.745,4.534,12.27%,5.03,,,,,
2.724E+00,14.582,4.465,12.14%,4.96,,,,,
2.728E+00,14.420,4.396,12.00%,4.88,,,,,
2.731E+00,14.259,4.328,11.87%,4.80,,,,,
2.734E+00,14.098,4.261,11.73%,4.73,,,,,
2.737E+00,13.937,4.194,11.60%,4.65,,,,,
2.740E+00,13.777,4.127,11.47%,4.58,,,,,
2.743E+00,13.617,4.061,11.33%,4.51,,,,,
2.746E+00,13.458,3.995,11.20%,4.43,,,,,
2.749E+00,13.300,3.930,11.07%,4.36,,,,,
2.752E+00,13.142,3.866,10.94%,4.29,,,,,
2.755E+00,12.985,3.801,10.81%,4.22,,,,,
2.758E+00,12.828,3.738,10.68%,4.15,,,,,
2.761E+00,12.671,3.675,10.55%,4.08,,,,,
2.764E+00,12.516,3.612,10.42%,4.01,,,,,
2.767E+00,12.360,3.550,10.29%,3.94,,,,,
2.770E+00,12.360,3.550,10.29%,3.94,,,,,
2.774E+00,12.206,3.488,10.16%,3.87,,,,,
2.777E+00,12.052,3.427,10.03%,3.80,,,,,
2.780E+00,11.898,3.366,9.90%,3.74,,,,,
2.783E+00,11.745,3.306,9.78%,3.67,,,,,
2.786E+00,11.593,3.247,9.65%,3.60,,,,,
2.789E+00,11.441,3.188,9.52%,3.54,,,,,
2.792E+00,11.289,3.129,9.40%,3.47,,,,,
2.795E+00,11.139,3.071,9.27%,3.41,,,,,
2.798E+00,10.988,3.013,9.15%,3.34,,,,,
2.801E+00,10.839,2.956,9.02%,3.28,,,,,
2.804E+00,10.690,2.899,8.90%,3.22,,,,,
2.807E+00,10.541,2.843,8.77%,3.16,,,,,
2.810E+00,10.394,2.788,8.65%,3.09,,,,,
2.813E+00,10.247,2.732,8.53%,3.03,,,,,
2.816E+00,10.100,2.678,8.41%,2.97,,,,,
2.820E+00,9.954,2.624,8.29%,2.91,,,,,
2.823E+00,9.809,2.570,8.16%,2.85,,,,,
2.826E+00,9.664,2.517,8.04%,2.79,,,,,
2.829E+00,9.520,2.464,7.92%,2.74,,,,,
2.832E+00,9.376,2.412,7.80%,2.68,,,,,
2.835E+00,9.233,2.361,7.69%,2.62,,,,,
2.838E+00,9.091,2.310,7.57%,2.56,,,,,
2.841E+00,8.949,2.259,7.45%,2.51,,,,,
2.844E+00,8.808,2.209,7.33%,2.45,,,,,
2.847E+00,8.668,2.160,7.21%,2.40,,,,,
2.850E+00,8.528,2.111,7.10%,2.34,,,,,
2.853E+00,8.389,2.062,6.98%,2.29,,,,,
2.856E+00,8.251,2.014,6.87%,2.24,,,,,
2.859E+00,8.113,1.967,6.75%,2.18,,,,,
2.863E+00,7.976,1.920,6.64%,2.13,,,,,
2.866E+00,7.840,1.873,6.53%,2.08,,,,,
2.869E+00,7.704,1.827,6.41%,2.03,,,,,
2.872E+00,7.569,1.782,6.30%,1.98,,,,,
2.875E+00,7.435,1.737,6.19%,1.93,,,,,
2.878E+00,7.301,1.693,6.08%,1.88,,,,,
2.881E+00,7.168,1.649,5.97%,1.83,,,,,
2.884E+00,7.036,1.605,5.86%,1.78,,,,,
2.887E+00,6.904,1.563,5.75%,1.73,,,,,
2.890E+00,6.773,1.520,5.64%,1.69,,,,,
2.893E+00,6.643,1.478,5.53%,1.64,,,,,
2.896E+00,6.643,1.478,5.53%,1.64,,,,,
2.899E+00,6.513,1.437,5.42%,1.60,,,,,
2.902E+00,6.384,1.396,5.31%,1.55,,,,,
2.905E+00,6.256,1.356,5.21%,1.51,,,,,
2.909E+00,6.129,1.316,5.10%,1.46,,,,,
2.912E+00,6.002,1.277,5.00%,1.42,,,,,
2.915E+00,5.876,1.239,4.89%,1.37,,,,,
2.918E+00,5.751,1.200,4.79%,1.33,,,,,
2.921E+00,5.626,1.163,4.68%,1.29,,,,,
2.924E+00,5.502,1.126,4.58%,1.25,,,,,
2.927E+00,5.379,1.089,4.48%,1.21,,,,,
2.930E+00,5.257,1.053,4.38%,1.17,,,,,
2.933E+00,5.135,1.017,4.27%,1.13,,,,,
2.936E+00,5.014,0.982,4.17%,1.09,,,,,
2.939E+00,4.894,0.948,4.07%,1.05,,,,,
2.942E+00,4.775,0.914,3.97%,1.01,,,,,
2.945E+00,4.656,0.880,3.88%,0.98,,,,,
2.948E+00,4.538,0.847,3.78%,0.94,,,,,
2.951E+00,4.421,0.815,3.68%,0.90,,,,,
2.955E+00,4.304,0.783,3.58%,0.87,,,,,
2.958E+00,4.189,0.752,3.49%,0.83,,,,,
2.961E+00,4.073,0.721,3.39%,0.80,,,,,
2.964E+00,3.959,0.691,3.30%,0.77,,,,,
2.967E+00,3.845,0.661,3.20%,0.73,,,,,
2.970E+00,3.732,0.632,3.11%,0.70,,,,,
2.973E+00,3.620,0.603,3.01%,0.67,,,,,
2.976E+00,3.509,0.575,2.92%,0.64,,,,,
2.979E+00,3.398,0.547,2.83%,0.61,,,,,
2.982E+00,3.287,0.520,2.74%,0.58,,,,,
2.985E+00,3.178,0.493,2.65%,0.55,,,,,
2.988E+00,3.069,0.467,2.55%,0.52,,,,,
2.991E+00,2.961,0.442,2.46%,0.49,,,,,
2.994E+00,2.853,0.417,2.37%,0.46,,,,,
2.998E+00,2.745,0.392,2.29%,0.44,,,,,
3.001E+00,2.639,0.368,2.20%,0.41,,,,,
3.004E+00,2.532,0.345,2.11%,0.38,,,,,
3.007E+00,2.426,0.322,2.02%,0.36,,,,,
3.010E+00,2.321,0.299,1.93%,0.33,,,,,
3.013E+00,2.215,0.277,1.84%,0.31,,,,,
3.016E+00,2.110,0.256,1.76%,0.28,,,,,
3.019E+00,2.005,0.235,1.67%,0.26,,,,,
3.022E+00,2.005,0.235,1.67%,0.26,,,,,
3.025E+00,1.900,0.215,1.58%,0.24,,,,,
3.028E+00,1.795,0.195,1.49%,0.22,,,,,
3.031E+00,1.689,0.176,1.41%,0.20,,,,,
3.034E+00,1.582,0.157,1.32%,0.17,,,,,
3.037E+00,1.474,0.139,1.23%,0.15,,,,,
3.040E+00,1.365,0.122,1.14%,0.14,,,,,
3.044E+00,1.254,0.105,1.04%,0.12,,,,,
3.047E+00,1.140,0.088,0.95%,0.10,,,,,
3.050E+00,1.021,0.072,0.85%,0.08,,,,,
3.053E+00,0.896,0.057,0.75%,0.06,,,,,
3.056E+00,0.761,0.042,0.63%,0.05,,,,,
3.059E+00,0.609,0.027,0.51%,0.03,,,,,
3.062E+00,0.422,0.013,0.35%,0.01,,,,,
3.065E+00,0.000,0.000,0.00%,0.00,,,,,
